<?xml version="1.0" encoding="UTF-8"?>
<spirit:component xmlns:xilinx="http://www.xilinx.com" xmlns:spirit="http://www.spiritconsortium.org/XMLSchema/SPIRIT/1685-2009" xmlns:xsi="http://www.w3.org/2001/XMLSchema-instance">
  <spirit:vendor>user.org</spirit:vendor>
  <spirit:library>user</spirit:library>
  <spirit:name>PS2_Keyboard</spirit:name>
  <spirit:version>1.0</spirit:version>
  <spirit:busInterfaces>
    <spirit:busInterface>
      <spirit:name>S00_AXI</spirit:name>
      <spirit:busType spirit:vendor="xilinx.com" spirit:library="interface" spirit:name="aximm" spirit:version="1.0"/>
      <spirit:abstractionType spirit:vendor="xilinx.com" spirit:library="interface" spirit:name="aximm_rtl" spirit:version="1.0"/>
      <spirit:slave>
        <spirit:memoryMapRef spirit:memoryMapRef="S00_AXI"/>
      </spirit:slave>
      <spirit:portMaps>
        <spirit:portMap>
          <spirit:logicalPort>
            <spirit:name>AWADDR</spirit:name>
          </spirit:logicalPort>
          <spirit:physicalPort>
            <spirit:name>s00_axi_awaddr</spirit:name>
          </spirit:physicalPort>
        </spirit:portMap>
        <spirit:portMap>
          <spirit:logicalPort>
            <spirit:name>AWPROT</spirit:name>
          </spirit:logicalPort>
          <spirit:physicalPort>
            <spirit:name>s00_axi_awprot</spirit:name>
          </spirit:physicalPort>
        </spirit:portMap>
        <spirit:portMap>
          <spirit:logicalPort>
            <spirit:name>AWVALID</spirit:name>
          </spirit:logicalPort>
          <spirit:physicalPort>
            <spirit:name>s00_axi_awvalid</spirit:name>
          </spirit:physicalPort>
        </spirit:portMap>
        <spirit:portMap>
          <spirit:logicalPort>
            <spirit:name>AWREADY</spirit:name>
          </spirit:logicalPort>
          <spirit:physicalPort>
            <spirit:name>s00_axi_awready</spirit:name>
          </spirit:physicalPort>
        </spirit:portMap>
        <spirit:portMap>
          <spirit:logicalPort>
            <spirit:name>WDATA</spirit:name>
          </spirit:logicalPort>
          <spirit:physicalPort>
            <spirit:name>s00_axi_wdata</spirit:name>
          </spirit:physicalPort>
        </spirit:portMap>
        <spirit:portMap>
          <spirit:logicalPort>
            <spirit:name>WSTRB</spirit:name>
          </spirit:logicalPort>
          <spirit:physicalPort>
            <spirit:name>s00_axi_wstrb</spirit:name>
          </spirit:physicalPort>
        </spirit:portMap>
        <spirit:portMap>
          <spirit:logicalPort>
            <spirit:name>WVALID</spirit:name>
          </spirit:logicalPort>
          <spirit:physicalPort>
            <spirit:name>s00_axi_wvalid</spirit:name>
          </spirit:physicalPort>
        </spirit:portMap>
        <spirit:portMap>
          <spirit:logicalPort>
            <spirit:name>WREADY</spirit:name>
          </spirit:logicalPort>
          <spirit:physicalPort>
            <spirit:name>s00_axi_wready</spirit:name>
          </spirit:physicalPort>
        </spirit:portMap>
        <spirit:portMap>
          <spirit:logicalPort>
            <spirit:name>BRESP</spirit:name>
          </spirit:logicalPort>
          <spirit:physicalPort>
            <spirit:name>s00_axi_bresp</spirit:name>
          </spirit:physicalPort>
        </spirit:portMap>
        <spirit:portMap>
          <spirit:logicalPort>
            <spirit:name>BVALID</spirit:name>
          </spirit:logicalPort>
          <spirit:physicalPort>
            <spirit:name>s00_axi_bvalid</spirit:name>
          </spirit:physicalPort>
        </spirit:portMap>
        <spirit:portMap>
          <spirit:logicalPort>
            <spirit:name>BREADY</spirit:name>
          </spirit:logicalPort>
          <spirit:physicalPort>
            <spirit:name>s00_axi_bready</spirit:name>
          </spirit:physicalPort>
        </spirit:portMap>
        <spirit:portMap>
          <spirit:logicalPort>
            <spirit:name>ARADDR</spirit:name>
          </spirit:logicalPort>
          <spirit:physicalPort>
            <spirit:name>s00_axi_araddr</spirit:name>
          </spirit:physicalPort>
        </spirit:portMap>
        <spirit:portMap>
          <spirit:logicalPort>
            <spirit:name>ARPROT</spirit:name>
          </spirit:logicalPort>
          <spirit:physicalPort>
            <spirit:name>s00_axi_arprot</spirit:name>
          </spirit:physicalPort>
        </spirit:portMap>
        <spirit:portMap>
          <spirit:logicalPort>
            <spirit:name>ARVALID</spirit:name>
          </spirit:logicalPort>
          <spirit:physicalPort>
            <spirit:name>s00_axi_arvalid</spirit:name>
          </spirit:physicalPort>
        </spirit:portMap>
        <spirit:portMap>
          <spirit:logicalPort>
            <spirit:name>ARREADY</spirit:name>
          </spirit:logicalPort>
          <spirit:physicalPort>
            <spirit:name>s00_axi_arready</spirit:name>
          </spirit:physicalPort>
        </spirit:portMap>
        <spirit:portMap>
          <spirit:logicalPort>
            <spirit:name>RDATA</spirit:name>
          </spirit:logicalPort>
          <spirit:physicalPort>
            <spirit:name>s00_axi_rdata</spirit:name>
          </spirit:physicalPort>
        </spirit:portMap>
        <spirit:portMap>
          <spirit:logicalPort>
            <spirit:name>RRESP</spirit:name>
          </spirit:logicalPort>
          <spirit:physicalPort>
            <spirit:name>s00_axi_rresp</spirit:name>
          </spirit:physicalPort>
        </spirit:portMap>
        <spirit:portMap>
          <spirit:logicalPort>
            <spirit:name>RVALID</spirit:name>
          </spirit:logicalPort>
          <spirit:physicalPort>
            <spirit:name>s00_axi_rvalid</spirit:name>
          </spirit:physicalPort>
        </spirit:portMap>
        <spirit:portMap>
          <spirit:logicalPort>
            <spirit:name>RREADY</spirit:name>
          </spirit:logicalPort>
          <spirit:physicalPort>
            <spirit:name>s00_axi_rready</spirit:name>
          </spirit:physicalPort>
        </spirit:portMap>
      </spirit:portMaps>
      <spirit:parameters>
        <spirit:parameter>
          <spirit:name>WIZ_DATA_WIDTH</spirit:name>
          <spirit:value spirit:format="long" spirit:id="BUSIFPARAM_VALUE.S00_AXI.WIZ_DATA_WIDTH" spirit:choiceRef="choice_list_6fc15197">32</spirit:value>
        </spirit:parameter>
        <spirit:parameter>
          <spirit:name>WIZ_NUM_REG</spirit:name>
          <spirit:value spirit:format="long" spirit:id="BUSIFPARAM_VALUE.S00_AXI.WIZ_NUM_REG" spirit:minimum="4" spirit:maximum="512" spirit:rangeType="long">4</spirit:value>
        </spirit:parameter>
        <spirit:parameter>
          <spirit:name>SUPPORTS_NARROW_BURST</spirit:name>
          <spirit:value spirit:format="long" spirit:id="BUSIFPARAM_VALUE.S00_AXI.SUPPORTS_NARROW_BURST" spirit:choiceRef="choice_pairs_ce1226b1">0</spirit:value>
        </spirit:parameter>
      </spirit:parameters>
    </spirit:busInterface>
    <spirit:busInterface>
      <spirit:name>S00_AXI_RST</spirit:name>
      <spirit:busType spirit:vendor="xilinx.com" spirit:library="signal" spirit:name="reset" spirit:version="1.0"/>
      <spirit:abstractionType spirit:vendor="xilinx.com" spirit:library="signal" spirit:name="reset_rtl" spirit:version="1.0"/>
      <spirit:slave/>
      <spirit:portMaps>
        <spirit:portMap>
          <spirit:logicalPort>
            <spirit:name>RST</spirit:name>
          </spirit:logicalPort>
          <spirit:physicalPort>
            <spirit:name>s00_axi_aresetn</spirit:name>
          </spirit:physicalPort>
        </spirit:portMap>
      </spirit:portMaps>
      <spirit:parameters>
        <spirit:parameter>
          <spirit:name>POLARITY</spirit:name>
          <spirit:value spirit:id="BUSIFPARAM_VALUE.S00_AXI_RST.POLARITY" spirit:choiceRef="choice_list_9d8b0d81">ACTIVE_LOW</spirit:value>
        </spirit:parameter>
      </spirit:parameters>
    </spirit:busInterface>
    <spirit:busInterface>
      <spirit:name>S00_AXI_CLK</spirit:name>
      <spirit:busType spirit:vendor="xilinx.com" spirit:library="signal" spirit:name="clock" spirit:version="1.0"/>
      <spirit:abstractionType spirit:vendor="xilinx.com" spirit:library="signal" spirit:name="clock_rtl" spirit:version="1.0"/>
      <spirit:slave/>
      <spirit:portMaps>
        <spirit:portMap>
          <spirit:logicalPort>
            <spirit:name>CLK</spirit:name>
          </spirit:logicalPort>
          <spirit:physicalPort>
            <spirit:name>s00_axi_aclk</spirit:name>
          </spirit:physicalPort>
        </spirit:portMap>
      </spirit:portMaps>
      <spirit:parameters>
        <spirit:parameter>
          <spirit:name>ASSOCIATED_BUSIF</spirit:name>
          <spirit:value spirit:id="BUSIFPARAM_VALUE.S00_AXI_CLK.ASSOCIATED_BUSIF">S00_AXI</spirit:value>
        </spirit:parameter>
        <spirit:parameter>
          <spirit:name>ASSOCIATED_RESET</spirit:name>
          <spirit:value spirit:id="BUSIFPARAM_VALUE.S00_AXI_CLK.ASSOCIATED_RESET">s00_axi_aresetn</spirit:value>
        </spirit:parameter>
      </spirit:parameters>
    </spirit:busInterface>
    <spirit:busInterface>
      <spirit:name>ps2_clk</spirit:name>
      <spirit:busType spirit:vendor="xilinx.com" spirit:library="signal" spirit:name="clock" spirit:version="1.0"/>
      <spirit:abstractionType spirit:vendor="xilinx.com" spirit:library="signal" spirit:name="clock_rtl" spirit:version="1.0"/>
      <spirit:slave/>
      <spirit:portMaps>
        <spirit:portMap>
          <spirit:logicalPort>
            <spirit:name>CLK</spirit:name>
          </spirit:logicalPort>
          <spirit:physicalPort>
            <spirit:name>ps2_clk</spirit:name>
          </spirit:physicalPort>
        </spirit:portMap>
      </spirit:portMaps>
    </spirit:busInterface>
  </spirit:busInterfaces>
  <spirit:memoryMaps>
    <spirit:memoryMap>
      <spirit:name>S00_AXI</spirit:name>
      <spirit:addressBlock>
        <spirit:name>S00_AXI_reg</spirit:name>
        <spirit:baseAddress spirit:format="long" spirit:resolve="user">0</spirit:baseAddress>
        <spirit:range spirit:format="long">4096</spirit:range>
        <spirit:width spirit:format="long">32</spirit:width>
        <spirit:usage>register</spirit:usage>
        <spirit:parameters>
          <spirit:parameter>
            <spirit:name>OFFSET_BASE_PARAM</spirit:name>
            <spirit:value spirit:id="ADDRBLOCKPARAM_VALUE.S00_AXI.S00_AXI_REG.OFFSET_BASE_PARAM">C_S00_AXI_BASEADDR</spirit:value>
          </spirit:parameter>
          <spirit:parameter>
            <spirit:name>OFFSET_HIGH_PARAM</spirit:name>
            <spirit:value spirit:id="ADDRBLOCKPARAM_VALUE.S00_AXI.S00_AXI_REG.OFFSET_HIGH_PARAM">C_S00_AXI_HIGHADDR</spirit:value>
          </spirit:parameter>
        </spirit:parameters>
      </spirit:addressBlock>
    </spirit:memoryMap>
  </spirit:memoryMaps>
  <spirit:model>
    <spirit:views>
      <spirit:view>
        <spirit:name>xilinx_vhdlsynthesis</spirit:name>
        <spirit:displayName>VHDL Synthesis</spirit:displayName>
        <spirit:envIdentifier>vhdlSource:vivado.xilinx.com:synthesis</spirit:envIdentifier>
        <spirit:language>vhdl</spirit:language>
        <spirit:modelName>PS2_Keyboard_v1_0</spirit:modelName>
        <spirit:fileSetRef>
          <spirit:localName>xilinx_vhdlsynthesis_view_fileset</spirit:localName>
        </spirit:fileSetRef>
        <spirit:parameters>
          <spirit:parameter>
            <spirit:name>viewChecksum</spirit:name>
            <spirit:value>c6ac9bc5</spirit:value>
          </spirit:parameter>
        </spirit:parameters>
      </spirit:view>
      <spirit:view>
        <spirit:name>xilinx_vhdlbehavioralsimulation</spirit:name>
        <spirit:displayName>VHDL Simulation</spirit:displayName>
        <spirit:envIdentifier>vhdlSource:vivado.xilinx.com:simulation</spirit:envIdentifier>
        <spirit:language>vhdl</spirit:language>
        <spirit:modelName>PS2_Keyboard_v1_0</spirit:modelName>
        <spirit:fileSetRef>
          <spirit:localName>xilinx_vhdlbehavioralsimulation_view_fileset</spirit:localName>
        </spirit:fileSetRef>
        <spirit:parameters>
          <spirit:parameter>
            <spirit:name>viewChecksum</spirit:name>
            <spirit:value>c6ac9bc5</spirit:value>
          </spirit:parameter>
        </spirit:parameters>
      </spirit:view>
      <spirit:view>
        <spirit:name>xilinx_softwaredriver</spirit:name>
        <spirit:displayName>Software Driver</spirit:displayName>
        <spirit:envIdentifier>:vivado.xilinx.com:sw.driver</spirit:envIdentifier>
        <spirit:fileSetRef>
          <spirit:localName>xilinx_softwaredriver_view_fileset</spirit:localName>
        </spirit:fileSetRef>
        <spirit:parameters>
          <spirit:parameter>
            <spirit:name>viewChecksum</spirit:name>
            <spirit:value>a6d80418</spirit:value>
          </spirit:parameter>
        </spirit:parameters>
      </spirit:view>
      <spirit:view>
        <spirit:name>xilinx_xpgui</spirit:name>
        <spirit:displayName>UI Layout</spirit:displayName>
        <spirit:envIdentifier>:vivado.xilinx.com:xgui.ui</spirit:envIdentifier>
        <spirit:fileSetRef>
          <spirit:localName>xilinx_xpgui_view_fileset</spirit:localName>
        </spirit:fileSetRef>
        <spirit:parameters>
          <spirit:parameter>
            <spirit:name>viewChecksum</spirit:name>
            <spirit:value>fd592ead</spirit:value>
          </spirit:parameter>
        </spirit:parameters>
      </spirit:view>
      <spirit:view>
        <spirit:name>bd_tcl</spirit:name>
        <spirit:displayName>Block Diagram</spirit:displayName>
        <spirit:envIdentifier>:vivado.xilinx.com:block.diagram</spirit:envIdentifier>
        <spirit:fileSetRef>
          <spirit:localName>bd_tcl_view_fileset</spirit:localName>
        </spirit:fileSetRef>
        <spirit:parameters>
          <spirit:parameter>
            <spirit:name>viewChecksum</spirit:name>
            <spirit:value>45a2f450</spirit:value>
          </spirit:parameter>
        </spirit:parameters>
      </spirit:view>
    </spirit:views>
    <spirit:ports>
      <spirit:port>
        <spirit:name>Clk_50Mhz</spirit:name>
        <spirit:wire>
          <spirit:direction>in</spirit:direction>
          <spirit:wireTypeDefs>
            <spirit:wireTypeDef>
              <spirit:typeName>STD_LOGIC</spirit:typeName>
              <spirit:viewNameRef>xilinx_vhdlsynthesis</spirit:viewNameRef>
              <spirit:viewNameRef>xilinx_vhdlbehavioralsimulation</spirit:viewNameRef>
            </spirit:wireTypeDef>
          </spirit:wireTypeDefs>
        </spirit:wire>
      </spirit:port>
      <spirit:port>
        <spirit:name>ps2_clk</spirit:name>
        <spirit:wire>
          <spirit:direction>in</spirit:direction>
          <spirit:wireTypeDefs>
            <spirit:wireTypeDef>
              <spirit:typeName>STD_LOGIC</spirit:typeName>
              <spirit:viewNameRef>xilinx_vhdlsynthesis</spirit:viewNameRef>
              <spirit:viewNameRef>xilinx_vhdlbehavioralsimulation</spirit:viewNameRef>
            </spirit:wireTypeDef>
          </spirit:wireTypeDefs>
        </spirit:wire>
      </spirit:port>
      <spirit:port>
        <spirit:name>ps2_data</spirit:name>
        <spirit:wire>
          <spirit:direction>in</spirit:direction>
          <spirit:wireTypeDefs>
            <spirit:wireTypeDef>
              <spirit:typeName>STD_LOGIC</spirit:typeName>
              <spirit:viewNameRef>xilinx_vhdlsynthesis</spirit:viewNameRef>
              <spirit:viewNameRef>xilinx_vhdlbehavioralsimulation</spirit:viewNameRef>
            </spirit:wireTypeDef>
          </spirit:wireTypeDefs>
        </spirit:wire>
      </spirit:port>
      <spirit:port>
        <spirit:name>IRQ_I</spirit:name>
        <spirit:wire>
          <spirit:direction>out</spirit:direction>
          <spirit:wireTypeDefs>
            <spirit:wireTypeDef>
              <spirit:typeName>STD_LOGIC</spirit:typeName>
              <spirit:viewNameRef>xilinx_vhdlsynthesis</spirit:viewNameRef>
              <spirit:viewNameRef>xilinx_vhdlbehavioralsimulation</spirit:viewNameRef>
            </spirit:wireTypeDef>
          </spirit:wireTypeDefs>
        </spirit:wire>
      </spirit:port>
      <spirit:port>
        <spirit:name>s00_axi_awaddr</spirit:name>
        <spirit:wire>
          <spirit:direction>in</spirit:direction>
          <spirit:vector>
            <spirit:left spirit:format="long" spirit:resolve="dependent" spirit:dependency="(spirit:decode(id(&apos;MODELPARAM_VALUE.C_S00_AXI_ADDR_WIDTH&apos;)) - 1)">3</spirit:left>
            <spirit:right spirit:format="long">0</spirit:right>
          </spirit:vector>
          <spirit:wireTypeDefs>
            <spirit:wireTypeDef>
              <spirit:typeName>std_logic_vector</spirit:typeName>
              <spirit:viewNameRef>xilinx_vhdlsynthesis</spirit:viewNameRef>
              <spirit:viewNameRef>xilinx_vhdlbehavioralsimulation</spirit:viewNameRef>
            </spirit:wireTypeDef>
          </spirit:wireTypeDefs>
        </spirit:wire>
      </spirit:port>
      <spirit:port>
        <spirit:name>s00_axi_awprot</spirit:name>
        <spirit:wire>
          <spirit:direction>in</spirit:direction>
          <spirit:vector>
            <spirit:left spirit:format="long">2</spirit:left>
            <spirit:right spirit:format="long">0</spirit:right>
          </spirit:vector>
          <spirit:wireTypeDefs>
            <spirit:wireTypeDef>
              <spirit:typeName>std_logic_vector</spirit:typeName>
              <spirit:viewNameRef>xilinx_vhdlsynthesis</spirit:viewNameRef>
              <spirit:viewNameRef>xilinx_vhdlbehavioralsimulation</spirit:viewNameRef>
            </spirit:wireTypeDef>
          </spirit:wireTypeDefs>
        </spirit:wire>
      </spirit:port>
      <spirit:port>
        <spirit:name>s00_axi_awvalid</spirit:name>
        <spirit:wire>
          <spirit:direction>in</spirit:direction>
          <spirit:wireTypeDefs>
            <spirit:wireTypeDef>
              <spirit:typeName>std_logic</spirit:typeName>
              <spirit:viewNameRef>xilinx_vhdlsynthesis</spirit:viewNameRef>
              <spirit:viewNameRef>xilinx_vhdlbehavioralsimulation</spirit:viewNameRef>
            </spirit:wireTypeDef>
          </spirit:wireTypeDefs>
        </spirit:wire>
      </spirit:port>
      <spirit:port>
        <spirit:name>s00_axi_awready</spirit:name>
        <spirit:wire>
          <spirit:direction>out</spirit:direction>
          <spirit:wireTypeDefs>
            <spirit:wireTypeDef>
              <spirit:typeName>std_logic</spirit:typeName>
              <spirit:viewNameRef>xilinx_vhdlsynthesis</spirit:viewNameRef>
              <spirit:viewNameRef>xilinx_vhdlbehavioralsimulation</spirit:viewNameRef>
            </spirit:wireTypeDef>
          </spirit:wireTypeDefs>
        </spirit:wire>
      </spirit:port>
      <spirit:port>
        <spirit:name>s00_axi_wdata</spirit:name>
        <spirit:wire>
          <spirit:direction>in</spirit:direction>
          <spirit:vector>
            <spirit:left spirit:format="long" spirit:resolve="dependent" spirit:dependency="(spirit:decode(id(&apos;MODELPARAM_VALUE.C_S00_AXI_DATA_WIDTH&apos;)) - 1)">31</spirit:left>
            <spirit:right spirit:format="long">0</spirit:right>
          </spirit:vector>
          <spirit:wireTypeDefs>
            <spirit:wireTypeDef>
              <spirit:typeName>std_logic_vector</spirit:typeName>
              <spirit:viewNameRef>xilinx_vhdlsynthesis</spirit:viewNameRef>
              <spirit:viewNameRef>xilinx_vhdlbehavioralsimulation</spirit:viewNameRef>
            </spirit:wireTypeDef>
          </spirit:wireTypeDefs>
        </spirit:wire>
      </spirit:port>
      <spirit:port>
        <spirit:name>s00_axi_wstrb</spirit:name>
        <spirit:wire>
          <spirit:direction>in</spirit:direction>
          <spirit:vector>
            <spirit:left spirit:format="long" spirit:resolve="dependent" spirit:dependency="((spirit:decode(id(&apos;MODELPARAM_VALUE.C_S00_AXI_DATA_WIDTH&apos;)) / 8) - 1)">3</spirit:left>
            <spirit:right spirit:format="long">0</spirit:right>
          </spirit:vector>
          <spirit:wireTypeDefs>
            <spirit:wireTypeDef>
              <spirit:typeName>std_logic_vector</spirit:typeName>
              <spirit:viewNameRef>xilinx_vhdlsynthesis</spirit:viewNameRef>
              <spirit:viewNameRef>xilinx_vhdlbehavioralsimulation</spirit:viewNameRef>
            </spirit:wireTypeDef>
          </spirit:wireTypeDefs>
        </spirit:wire>
      </spirit:port>
      <spirit:port>
        <spirit:name>s00_axi_wvalid</spirit:name>
        <spirit:wire>
          <spirit:direction>in</spirit:direction>
          <spirit:wireTypeDefs>
            <spirit:wireTypeDef>
              <spirit:typeName>std_logic</spirit:typeName>
              <spirit:viewNameRef>xilinx_vhdlsynthesis</spirit:viewNameRef>
              <spirit:viewNameRef>xilinx_vhdlbehavioralsimulation</spirit:viewNameRef>
            </spirit:wireTypeDef>
          </spirit:wireTypeDefs>
        </spirit:wire>
      </spirit:port>
      <spirit:port>
        <spirit:name>s00_axi_wready</spirit:name>
        <spirit:wire>
          <spirit:direction>out</spirit:direction>
          <spirit:wireTypeDefs>
            <spirit:wireTypeDef>
              <spirit:typeName>std_logic</spirit:typeName>
              <spirit:viewNameRef>xilinx_vhdlsynthesis</spirit:viewNameRef>
              <spirit:viewNameRef>xilinx_vhdlbehavioralsimulation</spirit:viewNameRef>
            </spirit:wireTypeDef>
          </spirit:wireTypeDefs>
        </spirit:wire>
      </spirit:port>
      <spirit:port>
        <spirit:name>s00_axi_bresp</spirit:name>
        <spirit:wire>
          <spirit:direction>out</spirit:direction>
          <spirit:vector>
            <spirit:left spirit:format="long">1</spirit:left>
            <spirit:right spirit:format="long">0</spirit:right>
          </spirit:vector>
          <spirit:wireTypeDefs>
            <spirit:wireTypeDef>
              <spirit:typeName>std_logic_vector</spirit:typeName>
              <spirit:viewNameRef>xilinx_vhdlsynthesis</spirit:viewNameRef>
              <spirit:viewNameRef>xilinx_vhdlbehavioralsimulation</spirit:viewNameRef>
            </spirit:wireTypeDef>
          </spirit:wireTypeDefs>
        </spirit:wire>
      </spirit:port>
      <spirit:port>
        <spirit:name>s00_axi_bvalid</spirit:name>
        <spirit:wire>
          <spirit:direction>out</spirit:direction>
          <spirit:wireTypeDefs>
            <spirit:wireTypeDef>
              <spirit:typeName>std_logic</spirit:typeName>
              <spirit:viewNameRef>xilinx_vhdlsynthesis</spirit:viewNameRef>
              <spirit:viewNameRef>xilinx_vhdlbehavioralsimulation</spirit:viewNameRef>
            </spirit:wireTypeDef>
          </spirit:wireTypeDefs>
        </spirit:wire>
      </spirit:port>
      <spirit:port>
        <spirit:name>s00_axi_bready</spirit:name>
        <spirit:wire>
          <spirit:direction>in</spirit:direction>
          <spirit:wireTypeDefs>
            <spirit:wireTypeDef>
              <spirit:typeName>std_logic</spirit:typeName>
              <spirit:viewNameRef>xilinx_vhdlsynthesis</spirit:viewNameRef>
              <spirit:viewNameRef>xilinx_vhdlbehavioralsimulation</spirit:viewNameRef>
            </spirit:wireTypeDef>
          </spirit:wireTypeDefs>
        </spirit:wire>
      </spirit:port>
      <spirit:port>
        <spirit:name>s00_axi_araddr</spirit:name>
        <spirit:wire>
          <spirit:direction>in</spirit:direction>
          <spirit:vector>
            <spirit:left spirit:format="long" spirit:resolve="dependent" spirit:dependency="(spirit:decode(id(&apos;MODELPARAM_VALUE.C_S00_AXI_ADDR_WIDTH&apos;)) - 1)">3</spirit:left>
            <spirit:right spirit:format="long">0</spirit:right>
          </spirit:vector>
          <spirit:wireTypeDefs>
            <spirit:wireTypeDef>
              <spirit:typeName>std_logic_vector</spirit:typeName>
              <spirit:viewNameRef>xilinx_vhdlsynthesis</spirit:viewNameRef>
              <spirit:viewNameRef>xilinx_vhdlbehavioralsimulation</spirit:viewNameRef>
            </spirit:wireTypeDef>
          </spirit:wireTypeDefs>
        </spirit:wire>
      </spirit:port>
      <spirit:port>
        <spirit:name>s00_axi_arprot</spirit:name>
        <spirit:wire>
          <spirit:direction>in</spirit:direction>
          <spirit:vector>
            <spirit:left spirit:format="long">2</spirit:left>
            <spirit:right spirit:format="long">0</spirit:right>
          </spirit:vector>
          <spirit:wireTypeDefs>
            <spirit:wireTypeDef>
              <spirit:typeName>std_logic_vector</spirit:typeName>
              <spirit:viewNameRef>xilinx_vhdlsynthesis</spirit:viewNameRef>
              <spirit:viewNameRef>xilinx_vhdlbehavioralsimulation</spirit:viewNameRef>
            </spirit:wireTypeDef>
          </spirit:wireTypeDefs>
        </spirit:wire>
      </spirit:port>
      <spirit:port>
        <spirit:name>s00_axi_arvalid</spirit:name>
        <spirit:wire>
          <spirit:direction>in</spirit:direction>
          <spirit:wireTypeDefs>
            <spirit:wireTypeDef>
              <spirit:typeName>std_logic</spirit:typeName>
              <spirit:viewNameRef>xilinx_vhdlsynthesis</spirit:viewNameRef>
              <spirit:viewNameRef>xilinx_vhdlbehavioralsimulation</spirit:viewNameRef>
            </spirit:wireTypeDef>
          </spirit:wireTypeDefs>
        </spirit:wire>
      </spirit:port>
      <spirit:port>
        <spirit:name>s00_axi_arready</spirit:name>
        <spirit:wire>
          <spirit:direction>out</spirit:direction>
          <spirit:wireTypeDefs>
            <spirit:wireTypeDef>
              <spirit:typeName>std_logic</spirit:typeName>
              <spirit:viewNameRef>xilinx_vhdlsynthesis</spirit:viewNameRef>
              <spirit:viewNameRef>xilinx_vhdlbehavioralsimulation</spirit:viewNameRef>
            </spirit:wireTypeDef>
          </spirit:wireTypeDefs>
        </spirit:wire>
      </spirit:port>
      <spirit:port>
        <spirit:name>s00_axi_rdata</spirit:name>
        <spirit:wire>
          <spirit:direction>out</spirit:direction>
          <spirit:vector>
            <spirit:left spirit:format="long" spirit:resolve="dependent" spirit:dependency="(spirit:decode(id(&apos;MODELPARAM_VALUE.C_S00_AXI_DATA_WIDTH&apos;)) - 1)">31</spirit:left>
            <spirit:right spirit:format="long">0</spirit:right>
          </spirit:vector>
          <spirit:wireTypeDefs>
            <spirit:wireTypeDef>
              <spirit:typeName>std_logic_vector</spirit:typeName>
              <spirit:viewNameRef>xilinx_vhdlsynthesis</spirit:viewNameRef>
              <spirit:viewNameRef>xilinx_vhdlbehavioralsimulation</spirit:viewNameRef>
            </spirit:wireTypeDef>
          </spirit:wireTypeDefs>
        </spirit:wire>
      </spirit:port>
      <spirit:port>
        <spirit:name>s00_axi_rresp</spirit:name>
        <spirit:wire>
          <spirit:direction>out</spirit:direction>
          <spirit:vector>
            <spirit:left spirit:format="long">1</spirit:left>
            <spirit:right spirit:format="long">0</spirit:right>
          </spirit:vector>
          <spirit:wireTypeDefs>
            <spirit:wireTypeDef>
              <spirit:typeName>std_logic_vector</spirit:typeName>
              <spirit:viewNameRef>xilinx_vhdlsynthesis</spirit:viewNameRef>
              <spirit:viewNameRef>xilinx_vhdlbehavioralsimulation</spirit:viewNameRef>
            </spirit:wireTypeDef>
          </spirit:wireTypeDefs>
        </spirit:wire>
      </spirit:port>
      <spirit:port>
        <spirit:name>s00_axi_rvalid</spirit:name>
        <spirit:wire>
          <spirit:direction>out</spirit:direction>
          <spirit:wireTypeDefs>
            <spirit:wireTypeDef>
              <spirit:typeName>std_logic</spirit:typeName>
              <spirit:viewNameRef>xilinx_vhdlsynthesis</spirit:viewNameRef>
              <spirit:viewNameRef>xilinx_vhdlbehavioralsimulation</spirit:viewNameRef>
            </spirit:wireTypeDef>
          </spirit:wireTypeDefs>
        </spirit:wire>
      </spirit:port>
      <spirit:port>
        <spirit:name>s00_axi_rready</spirit:name>
        <spirit:wire>
          <spirit:direction>in</spirit:direction>
          <spirit:wireTypeDefs>
            <spirit:wireTypeDef>
              <spirit:typeName>std_logic</spirit:typeName>
              <spirit:viewNameRef>xilinx_vhdlsynthesis</spirit:viewNameRef>
              <spirit:viewNameRef>xilinx_vhdlbehavioralsimulation</spirit:viewNameRef>
            </spirit:wireTypeDef>
          </spirit:wireTypeDefs>
        </spirit:wire>
      </spirit:port>
      <spirit:port>
        <spirit:name>s00_axi_aclk</spirit:name>
        <spirit:wire>
          <spirit:direction>in</spirit:direction>
          <spirit:wireTypeDefs>
            <spirit:wireTypeDef>
              <spirit:typeName>std_logic</spirit:typeName>
              <spirit:viewNameRef>xilinx_vhdlsynthesis</spirit:viewNameRef>
              <spirit:viewNameRef>xilinx_vhdlbehavioralsimulation</spirit:viewNameRef>
            </spirit:wireTypeDef>
          </spirit:wireTypeDefs>
        </spirit:wire>
      </spirit:port>
      <spirit:port>
        <spirit:name>s00_axi_aresetn</spirit:name>
        <spirit:wire>
          <spirit:direction>in</spirit:direction>
          <spirit:wireTypeDefs>
            <spirit:wireTypeDef>
              <spirit:typeName>std_logic</spirit:typeName>
              <spirit:viewNameRef>xilinx_vhdlsynthesis</spirit:viewNameRef>
              <spirit:viewNameRef>xilinx_vhdlbehavioralsimulation</spirit:viewNameRef>
            </spirit:wireTypeDef>
          </spirit:wireTypeDefs>
        </spirit:wire>
      </spirit:port>
    </spirit:ports>
    <spirit:modelParameters>
      <spirit:modelParameter xsi:type="spirit:nameValueTypeType" spirit:dataType="integer">
        <spirit:name>C_S00_AXI_DATA_WIDTH</spirit:name>
        <spirit:displayName>C S00 AXI DATA WIDTH</spirit:displayName>
        <spirit:description>Width of S_AXI data bus</spirit:description>
        <spirit:value spirit:format="long" spirit:resolve="generated" spirit:id="MODELPARAM_VALUE.C_S00_AXI_DATA_WIDTH" spirit:order="3" spirit:rangeType="long">32</spirit:value>
      </spirit:modelParameter>
      <spirit:modelParameter spirit:dataType="integer">
        <spirit:name>C_S00_AXI_ADDR_WIDTH</spirit:name>
        <spirit:displayName>C S00 AXI ADDR WIDTH</spirit:displayName>
        <spirit:description>Width of S_AXI address bus</spirit:description>
        <spirit:value spirit:format="long" spirit:resolve="generated" spirit:id="MODELPARAM_VALUE.C_S00_AXI_ADDR_WIDTH" spirit:order="4" spirit:rangeType="long">4</spirit:value>
      </spirit:modelParameter>
    </spirit:modelParameters>
  </spirit:model>
  <spirit:choices>
    <spirit:choice>
      <spirit:name>choice_list_6fc15197</spirit:name>
      <spirit:enumeration>32</spirit:enumeration>
    </spirit:choice>
    <spirit:choice>
      <spirit:name>choice_list_9d8b0d81</spirit:name>
      <spirit:enumeration>ACTIVE_HIGH</spirit:enumeration>
      <spirit:enumeration>ACTIVE_LOW</spirit:enumeration>
    </spirit:choice>
    <spirit:choice>
      <spirit:name>choice_pairs_ce1226b1</spirit:name>
      <spirit:enumeration spirit:text="true">1</spirit:enumeration>
      <spirit:enumeration spirit:text="false">0</spirit:enumeration>
    </spirit:choice>
  </spirit:choices>
  <spirit:fileSets>
    <spirit:fileSet>
      <spirit:name>xilinx_vhdlsynthesis_view_fileset</spirit:name>
      <spirit:file>
        <spirit:name>hdl/PS2_Keyboard_v1_0_S00_AXI.vhd</spirit:name>
        <spirit:fileType>vhdlSource</spirit:fileType>
      </spirit:file>
      <spirit:file>
        <spirit:name>src/debounce.vhd</spirit:name>
        <spirit:fileType>vhdlSource</spirit:fileType>
      </spirit:file>
      <spirit:file>
        <spirit:name>src/ps2_keyboard.vhd</spirit:name>
        <spirit:fileType>vhdlSource</spirit:fileType>
      </spirit:file>
      <spirit:file>
        <spirit:name>hdl/PS2_Keyboard_v1_0.vhd</spirit:name>
        <spirit:fileType>vhdlSource</spirit:fileType>
        <spirit:userFileType>CHECKSUM_27023eaa</spirit:userFileType>
      </spirit:file>
    </spirit:fileSet>
    <spirit:fileSet>
      <spirit:name>xilinx_vhdlbehavioralsimulation_view_fileset</spirit:name>
      <spirit:file>
        <spirit:name>hdl/PS2_Keyboard_v1_0_S00_AXI.vhd</spirit:name>
        <spirit:fileType>vhdlSource</spirit:fileType>
      </spirit:file>
      <spirit:file>
        <spirit:name>src/debounce.vhd</spirit:name>
        <spirit:fileType>vhdlSource</spirit:fileType>
      </spirit:file>
      <spirit:file>
        <spirit:name>src/ps2_keyboard.vhd</spirit:name>
        <spirit:fileType>vhdlSource</spirit:fileType>
      </spirit:file>
      <spirit:file>
        <spirit:name>hdl/PS2_Keyboard_v1_0.vhd</spirit:name>
        <spirit:fileType>vhdlSource</spirit:fileType>
      </spirit:file>
    </spirit:fileSet>
    <spirit:fileSet>
      <spirit:name>xilinx_softwaredriver_view_fileset</spirit:name>
      <spirit:file>
        <spirit:name>drivers/PS2_Keyboard_v1_0/data/PS2_Keyboard.mdd</spirit:name>
        <spirit:userFileType>mdd</spirit:userFileType>
        <spirit:userFileType>driver_mdd</spirit:userFileType>
      </spirit:file>
      <spirit:file>
        <spirit:name>drivers/PS2_Keyboard_v1_0/data/PS2_Keyboard.tcl</spirit:name>
        <spirit:fileType>tclSource</spirit:fileType>
        <spirit:userFileType>driver_tcl</spirit:userFileType>
      </spirit:file>
      <spirit:file>
        <spirit:name>drivers/PS2_Keyboard_v1_0/src/Makefile</spirit:name>
        <spirit:userFileType>driver_src</spirit:userFileType>
      </spirit:file>
      <spirit:file>
        <spirit:name>drivers/PS2_Keyboard_v1_0/src/PS2_Keyboard.h</spirit:name>
        <spirit:fileType>cSource</spirit:fileType>
        <spirit:userFileType>driver_src</spirit:userFileType>
      </spirit:file>
      <spirit:file>
        <spirit:name>drivers/PS2_Keyboard_v1_0/src/PS2_Keyboard.c</spirit:name>
        <spirit:fileType>cSource</spirit:fileType>
        <spirit:userFileType>driver_src</spirit:userFileType>
      </spirit:file>
      <spirit:file>
        <spirit:name>drivers/PS2_Keyboard_v1_0/src/PS2_Keyboard_selftest.c</spirit:name>
        <spirit:fileType>cSource</spirit:fileType>
        <spirit:userFileType>driver_src</spirit:userFileType>
      </spirit:file>
    </spirit:fileSet>
    <spirit:fileSet>
      <spirit:name>xilinx_xpgui_view_fileset</spirit:name>
      <spirit:file>
        <spirit:name>xgui/PS2_Keyboard_v1_0.tcl</spirit:name>
        <spirit:fileType>tclSource</spirit:fileType>
        <spirit:userFileType>CHECKSUM_fd592ead</spirit:userFileType>
        <spirit:userFileType>XGUI_VERSION_2</spirit:userFileType>
      </spirit:file>
    </spirit:fileSet>
    <spirit:fileSet>
      <spirit:name>bd_tcl_view_fileset</spirit:name>
      <spirit:file>
        <spirit:name>bd/bd.tcl</spirit:name>
        <spirit:fileType>tclSource</spirit:fileType>
      </spirit:file>
    </spirit:fileSet>
  </spirit:fileSets>
  <spirit:description>My new AXI IP</spirit:description>
  <spirit:parameters>
    <spirit:parameter>
      <spirit:name>C_S00_AXI_DATA_WIDTH</spirit:name>
      <spirit:displayName>C S00 AXI DATA WIDTH</spirit:displayName>
      <spirit:description>Width of S_AXI data bus</spirit:description>
      <spirit:value spirit:format="long" spirit:resolve="user" spirit:id="PARAM_VALUE.C_S00_AXI_DATA_WIDTH" spirit:choiceRef="choice_list_6fc15197" spirit:order="3">32</spirit:value>
      <spirit:vendorExtensions>
        <xilinx:parameterInfo>
          <xilinx:enablement>
            <xilinx:isEnabled xilinx:id="PARAM_ENABLEMENT.C_S00_AXI_DATA_WIDTH">false</xilinx:isEnabled>
          </xilinx:enablement>
        </xilinx:parameterInfo>
      </spirit:vendorExtensions>
    </spirit:parameter>
    <spirit:parameter>
      <spirit:name>C_S00_AXI_ADDR_WIDTH</spirit:name>
      <spirit:displayName>C S00 AXI ADDR WIDTH</spirit:displayName>
      <spirit:description>Width of S_AXI address bus</spirit:description>
      <spirit:value spirit:format="long" spirit:resolve="user" spirit:id="PARAM_VALUE.C_S00_AXI_ADDR_WIDTH" spirit:order="4" spirit:rangeType="long">4</spirit:value>
      <spirit:vendorExtensions>
        <xilinx:parameterInfo>
          <xilinx:enablement>
            <xilinx:isEnabled xilinx:id="PARAM_ENABLEMENT.C_S00_AXI_ADDR_WIDTH">false</xilinx:isEnabled>
          </xilinx:enablement>
        </xilinx:parameterInfo>
      </spirit:vendorExtensions>
    </spirit:parameter>
    <spirit:parameter>
      <spirit:name>C_S00_AXI_BASEADDR</spirit:name>
      <spirit:displayName>C S00 AXI BASEADDR</spirit:displayName>
      <spirit:value spirit:format="bitString" spirit:resolve="user" spirit:id="PARAM_VALUE.C_S00_AXI_BASEADDR" spirit:order="5" spirit:bitStringLength="32">0xFFFFFFFF</spirit:value>
    </spirit:parameter>
    <spirit:parameter>
      <spirit:name>C_S00_AXI_HIGHADDR</spirit:name>
      <spirit:displayName>C S00 AXI HIGHADDR</spirit:displayName>
      <spirit:value spirit:format="bitString" spirit:resolve="user" spirit:id="PARAM_VALUE.C_S00_AXI_HIGHADDR" spirit:order="6" spirit:bitStringLength="32">0x00000000</spirit:value>
    </spirit:parameter>
    <spirit:parameter>
      <spirit:name>Component_Name</spirit:name>
      <spirit:value spirit:resolve="user" spirit:id="PARAM_VALUE.Component_Name" spirit:order="1">PS2_Keyboard_v1_0</spirit:value>
    </spirit:parameter>
  </spirit:parameters>
  <spirit:vendorExtensions>
    <xilinx:coreExtensions>
      <xilinx:supportedFamilies>
        <xilinx:family xilinx:lifeCycle="Pre-Production">zynq</xilinx:family>
      </xilinx:supportedFamilies>
      <xilinx:taxonomies>
        <xilinx:taxonomy>AXI_Peripheral</xilinx:taxonomy>
      </xilinx:taxonomies>
      <xilinx:displayName>PS2_Keyboard_v1.0</xilinx:displayName>
      <xilinx:coreRevision>12</xilinx:coreRevision>
      <xilinx:coreCreationDateTime>2023-04-11T20:56:38Z</xilinx:coreCreationDateTime>
      <xilinx:tags>
        <xilinx:tag xilinx:name="ui.data.coregen.dd@28e02650_ARCHIVE_LOCATION">/home/weaves/Music/TestVGA.2-1/ip_repo/PS2_Keyboard_1.0</xilinx:tag>
        <xilinx:tag xilinx:name="ui.data.coregen.dd@118d4579_ARCHIVE_LOCATION">/home/weaves/Music/TestVGA.2-1/ip_repo/PS2_Keyboard_1.0</xilinx:tag>
        <xilinx:tag xilinx:name="ui.data.coregen.dd@2eb37162_ARCHIVE_LOCATION">/home/weaves/Music/TestVGA.2-1/ip_repo/PS2_Keyboard_1.0</xilinx:tag>
        <xilinx:tag xilinx:name="ui.data.coregen.dd@610c17f7_ARCHIVE_LOCATION">/home/weaves/Music/TestVGA.2-1/ip_repo/PS2_Keyboard_1.0</xilinx:tag>
        <xilinx:tag xilinx:name="ui.data.coregen.dd@52990d27_ARCHIVE_LOCATION">/home/weaves/Music/TestVGA.2-1/ip_repo/PS2_Keyboard_1.0</xilinx:tag>
        <xilinx:tag xilinx:name="ui.data.coregen.dd@4dc250b9_ARCHIVE_LOCATION">/home/weaves/Music/TestVGA.2-1/ip_repo/PS2_Keyboard_1.0</xilinx:tag>
        <xilinx:tag xilinx:name="ui.data.coregen.dd@21c7232d_ARCHIVE_LOCATION">/home/weaves/Music/TestVGA.2-1/ip_repo/PS2_Keyboard_1.0</xilinx:tag>
        <xilinx:tag xilinx:name="ui.data.coregen.dd@73778f61_ARCHIVE_LOCATION">/home/weaves/Music/TestVGA.2-1/ip_repo/PS2_Keyboard_1.0</xilinx:tag>
        <xilinx:tag xilinx:name="ui.data.coregen.dd@387ed52e_ARCHIVE_LOCATION">/home/weaves/Music/TestVGA.2-1/ip_repo/PS2_Keyboard_1.0</xilinx:tag>
        <xilinx:tag xilinx:name="ui.data.coregen.dd@3c073c67_ARCHIVE_LOCATION">/home/weaves/Music/TestVGA.2-1/ip_repo/PS2_Keyboard_1.0</xilinx:tag>
        <xilinx:tag xilinx:name="ui.data.coregen.dd@7224ba13_ARCHIVE_LOCATION">/home/weaves/Music/TestVGA.2-1/ip_repo/PS2_Keyboard_1.0</xilinx:tag>
        <xilinx:tag xilinx:name="ui.data.coregen.dd@206e8f3f_ARCHIVE_LOCATION">/home/weaves/Music/TestVGA.2-1/ip_repo/PS2_Keyboard_1.0</xilinx:tag>
        <xilinx:tag xilinx:name="ui.data.coregen.dd@1ca29377_ARCHIVE_LOCATION">/home/weaves/Music/TestVGA.2-1/ip_repo/PS2_Keyboard_1.0</xilinx:tag>
        <xilinx:tag xilinx:name="ui.data.coregen.dd@6957a8af_ARCHIVE_LOCATION">/home/weaves/Music/TestVGA.2-1/ip_repo/PS2_Keyboard_1.0</xilinx:tag>
        <xilinx:tag xilinx:name="ui.data.coregen.dd@787d517_ARCHIVE_LOCATION">/home/weaves/Music/TestVGA.2-1/ip_repo/PS2_Keyboard_1.0</xilinx:tag>
        <xilinx:tag xilinx:name="ui.data.coregen.dd@5ca4a720_ARCHIVE_LOCATION">/home/weaves/Music/TestVGA.2-1/ip_repo/PS2_Keyboard_1.0</xilinx:tag>
        <xilinx:tag xilinx:name="ui.data.coregen.dd@4a512f00_ARCHIVE_LOCATION">/home/weaves/Music/TestVGA.2-1/ip_repo/PS2_Keyboard_1.0</xilinx:tag>
        <xilinx:tag xilinx:name="ui.data.coregen.dd@693ef684_ARCHIVE_LOCATION">/home/weaves/Music/TestVGA.2-1/ip_repo/PS2_Keyboard_1.0</xilinx:tag>
        <xilinx:tag xilinx:name="ui.data.coregen.dd@41393aac_ARCHIVE_LOCATION">/home/weaves/Music/TestVGA.2-1/ip_repo/PS2_Keyboard_1.0</xilinx:tag>
        <xilinx:tag xilinx:name="ui.data.coregen.dd@72f5bd12_ARCHIVE_LOCATION">/home/weaves/Music/TestVGA.2-1/ip_repo/PS2_Keyboard_1.0</xilinx:tag>
        <xilinx:tag xilinx:name="ui.data.coregen.dd@7da64e66_ARCHIVE_LOCATION">/home/weaves/Music/TestVGA.2-1/ip_repo/PS2_Keyboard_1.0</xilinx:tag>
        <xilinx:tag xilinx:name="ui.data.coregen.dd@478020e7_ARCHIVE_LOCATION">/home/weaves/Music/TestVGA.2-1/ip_repo/PS2_Keyboard_1.0</xilinx:tag>
        <xilinx:tag xilinx:name="ui.data.coregen.dd@39815057_ARCHIVE_LOCATION">/home/weaves/Music/TestVGA.2-1/ip_repo/PS2_Keyboard_1.0</xilinx:tag>
        <xilinx:tag xilinx:name="ui.data.coregen.dd@204087cc_ARCHIVE_LOCATION">/home/weaves/Music/TestVGA.2-1/ip_repo/PS2_Keyboard_1.0</xilinx:tag>
        <xilinx:tag xilinx:name="ui.data.coregen.dd@d0536d2_ARCHIVE_LOCATION">/home/weaves/Music/TestVGA.2-1/ip_repo/PS2_Keyboard_1.0</xilinx:tag>
        <xilinx:tag xilinx:name="ui.data.coregen.dd@18109690_ARCHIVE_LOCATION">/home/weaves/Music/TestVGA.2-1/ip_repo/PS2_Keyboard_1.0</xilinx:tag>
        <xilinx:tag xilinx:name="ui.data.coregen.dd@1fabbe07_ARCHIVE_LOCATION">/home/weaves/Music/TestVGA.2-1/ip_repo/PS2_Keyboard_1.0</xilinx:tag>
        <xilinx:tag xilinx:name="ui.data.coregen.dd@1c677090_ARCHIVE_LOCATION">/home/weaves/Music/TestVGA.2-1/ip_repo/PS2_Keyboard_1.0</xilinx:tag>
        <xilinx:tag xilinx:name="ui.data.coregen.dd@1406dc98_ARCHIVE_LOCATION">/home/weaves/Music/TestVGA.2-1/ip_repo/PS2_Keyboard_1.0</xilinx:tag>
        <xilinx:tag xilinx:name="ui.data.coregen.dd@2cfe70ab_ARCHIVE_LOCATION">/home/weaves/Music/TestVGA.2-1/ip_repo/PS2_Keyboard_1.0</xilinx:tag>
        <xilinx:tag xilinx:name="ui.data.coregen.dd@3bf5b4c6_ARCHIVE_LOCATION">/home/weaves/Music/TestVGA.2-1/ip_repo/PS2_Keyboard_1.0</xilinx:tag>
        <xilinx:tag xilinx:name="ui.data.coregen.dd@5a384778_ARCHIVE_LOCATION">/home/weaves/Music/TestVGA.2-1/ip_repo/PS2_Keyboard_1.0</xilinx:tag>
        <xilinx:tag xilinx:name="ui.data.coregen.dd@3dfc2dea_ARCHIVE_LOCATION">/home/weaves/Music/TestVGA.2-1/ip_repo/PS2_Keyboard_1.0</xilinx:tag>
        <xilinx:tag xilinx:name="ui.data.coregen.dd@5bb0001b_ARCHIVE_LOCATION">/home/weaves/Music/TestVGA.2-1/ip_repo/PS2_Keyboard_1.0</xilinx:tag>
        <xilinx:tag xilinx:name="ui.data.coregen.dd@66c670a9_ARCHIVE_LOCATION">/home/weaves/Music/TestVGA.2-1/ip_repo/PS2_Keyboard_1.0</xilinx:tag>
        <xilinx:tag xilinx:name="ui.data.coregen.dd@27061aed_ARCHIVE_LOCATION">/home/weaves/Music/TestVGA.2-1/ip_repo/PS2_Keyboard_1.0</xilinx:tag>
        <xilinx:tag xilinx:name="ui.data.coregen.dd@1a9f25f0_ARCHIVE_LOCATION">/home/weaves/Music/TestVGA.2-1/ip_repo/PS2_Keyboard_1.0</xilinx:tag>
        <xilinx:tag xilinx:name="ui.data.coregen.dd@e195e77_ARCHIVE_LOCATION">/home/weaves/Music/TestVGA.2-1/ip_repo/PS2_Keyboard_1.0</xilinx:tag>
        <xilinx:tag xilinx:name="ui.data.coregen.dd@7f1e09fe_ARCHIVE_LOCATION">/home/weaves/Music/TestVGA.2-1/ip_repo/PS2_Keyboard_1.0</xilinx:tag>
        <xilinx:tag xilinx:name="ui.data.coregen.dd@56d61ead_ARCHIVE_LOCATION">/home/weaves/Music/TestVGA.2-1/ip_repo/PS2_Keyboard_1.0</xilinx:tag>
        <xilinx:tag xilinx:name="ui.data.coregen.dd@2f28ebf8_ARCHIVE_LOCATION">/home/weaves/Music/TestVGA.2-1/ip_repo/PS2_Keyboard_1.0</xilinx:tag>
        <xilinx:tag xilinx:name="ui.data.coregen.dd@1f06c06e_ARCHIVE_LOCATION">/home/weaves/Music/TestVGA.2-1/ip_repo/PS2_Keyboard_1.0</xilinx:tag>
        <xilinx:tag xilinx:name="ui.data.coregen.dd@6dca48ca_ARCHIVE_LOCATION">/home/weaves/Music/TestVGA.2-1/ip_repo/PS2_Keyboard_1.0</xilinx:tag>
        <xilinx:tag xilinx:name="ui.data.coregen.dd@1f2c893f_ARCHIVE_LOCATION">/home/weaves/Music/TestVGA.2-1/ip_repo/PS2_Keyboard_1.0</xilinx:tag>
        <xilinx:tag xilinx:name="ui.data.coregen.dd@232a68db_ARCHIVE_LOCATION">/home/weaves/Music/TestVGA.2-1/ip_repo/PS2_Keyboard_1.0</xilinx:tag>
        <xilinx:tag xilinx:name="ui.data.coregen.dd@69427740_ARCHIVE_LOCATION">/home/weaves/Music/TestVGA.2-1/ip_repo/PS2_Keyboard_1.0</xilinx:tag>
        <xilinx:tag xilinx:name="ui.data.coregen.dd@2b17270f_ARCHIVE_LOCATION">/home/weaves/Music/TestVGA.2-1/ip_repo/PS2_Keyboard_1.0</xilinx:tag>
        <xilinx:tag xilinx:name="ui.data.coregen.dd@a431d68_ARCHIVE_LOCATION">/home/weaves/Music/TestVGA.2-1/ip_repo/PS2_Keyboard_1.0</xilinx:tag>
        <xilinx:tag xilinx:name="ui.data.coregen.dd@21ef5831_ARCHIVE_LOCATION">/home/weaves/Music/TestVGA.2-1/ip_repo/PS2_Keyboard_1.0</xilinx:tag>
        <xilinx:tag xilinx:name="ui.data.coregen.dd@5667e210_ARCHIVE_LOCATION">/home/weaves/Music/TestVGA.2-1/ip_repo/PS2_Keyboard_1.0</xilinx:tag>
        <xilinx:tag xilinx:name="ui.data.coregen.dd@5eb3b8f6_ARCHIVE_LOCATION">/home/weaves/Music/TestVGA.2-1/ip_repo/PS2_Keyboard_1.0</xilinx:tag>
        <xilinx:tag xilinx:name="ui.data.coregen.dd@6a5334c8_ARCHIVE_LOCATION">/home/weaves/Music/TestVGA.2-1/ip_repo/PS2_Keyboard_1.0</xilinx:tag>
        <xilinx:tag xilinx:name="ui.data.coregen.dd@5fcc9a7_ARCHIVE_LOCATION">/home/weaves/Music/TestVGA.2-1/ip_repo/PS2_Keyboard_1.0</xilinx:tag>
        <xilinx:tag xilinx:name="ui.data.coregen.dd@70b60614_ARCHIVE_LOCATION">/home/weaves/Music/TestVGA.2-1/ip_repo/PS2_Keyboard_1.0</xilinx:tag>
        <xilinx:tag xilinx:name="ui.data.coregen.dd@6d618a9_ARCHIVE_LOCATION">/home/weaves/Music/TestVGA.2-1/ip_repo/PS2_Keyboard_1.0</xilinx:tag>
        <xilinx:tag xilinx:name="ui.data.coregen.dd@6f75e90_ARCHIVE_LOCATION">/home/weaves/Music/TestVGA.2-1/ip_repo/PS2_Keyboard_1.0</xilinx:tag>
        <xilinx:tag xilinx:name="ui.data.coregen.dd@5c9ba04c_ARCHIVE_LOCATION">/home/weaves/Music/TestVGA.2-1/ip_repo/PS2_Keyboard_1.0</xilinx:tag>
        <xilinx:tag xilinx:name="ui.data.coregen.dd@1d158f1e_ARCHIVE_LOCATION">/home/weaves/Music/TestVGA.2-1/ip_repo/PS2_Keyboard_1.0</xilinx:tag>
        <xilinx:tag xilinx:name="ui.data.coregen.dd@70e68c8b_ARCHIVE_LOCATION">/home/weaves/Music/TestVGA.2-1/ip_repo/PS2_Keyboard_1.0</xilinx:tag>
        <xilinx:tag xilinx:name="ui.data.coregen.dd@3405cd35_ARCHIVE_LOCATION">/home/weaves/Music/TestVGA.2-1/ip_repo/PS2_Keyboard_1.0</xilinx:tag>
        <xilinx:tag xilinx:name="ui.data.coregen.dd@2ebb62cf_ARCHIVE_LOCATION">/home/weaves/Music/TestVGA.2-1/ip_repo/PS2_Keyboard_1.0</xilinx:tag>
        <xilinx:tag xilinx:name="ui.data.coregen.dd@20120d22_ARCHIVE_LOCATION">/home/weaves/Music/TestVGA.2-1/ip_repo/PS2_Keyboard_1.0</xilinx:tag>
        <xilinx:tag xilinx:name="ui.data.coregen.dd@43033ad4_ARCHIVE_LOCATION">/home/weaves/Music/TestVGA.2-1/ip_repo/PS2_Keyboard_1.0</xilinx:tag>
        <xilinx:tag xilinx:name="ui.data.coregen.dd@20a6c72e_ARCHIVE_LOCATION">/home/weaves/Music/TestVGA.2-1/ip_repo/PS2_Keyboard_1.0</xilinx:tag>
        <xilinx:tag xilinx:name="ui.data.coregen.dd@20cdb2d_ARCHIVE_LOCATION">/home/weaves/Music/TestVGA.2-1/ip_repo/PS2_Keyboard_1.0</xilinx:tag>
        <xilinx:tag xilinx:name="ui.data.coregen.dd@67405529_ARCHIVE_LOCATION">/home/weaves/Music/TestVGA.2-1/ip_repo/PS2_Keyboard_1.0</xilinx:tag>
        <xilinx:tag xilinx:name="ui.data.coregen.dd@6b92db0e_ARCHIVE_LOCATION">/home/weaves/Music/TestVGA.2-1/ip_repo/PS2_Keyboard_1.0</xilinx:tag>
        <xilinx:tag xilinx:name="ui.data.coregen.dd@eec7830_ARCHIVE_LOCATION">/home/weaves/Music/TestVGA.2-1/ip_repo/PS2_Keyboard_1.0</xilinx:tag>
        <xilinx:tag xilinx:name="ui.data.coregen.dd@30ffaa41_ARCHIVE_LOCATION">/home/weaves/Music/TestVGA.2-1/ip_repo/PS2_Keyboard_1.0</xilinx:tag>
        <xilinx:tag xilinx:name="ui.data.coregen.dd@49af570f_ARCHIVE_LOCATION">/home/weaves/Music/TestVGA.2-1/ip_repo/PS2_Keyboard_1.0</xilinx:tag>
        <xilinx:tag xilinx:name="ui.data.coregen.dd@6b22adf1_ARCHIVE_LOCATION">/home/weaves/Music/TestVGA.2-1/ip_repo/PS2_Keyboard_1.0</xilinx:tag>
        <xilinx:tag xilinx:name="ui.data.coregen.dd@54c41a14_ARCHIVE_LOCATION">/home/weaves/Music/TestVGA.2-1/ip_repo/PS2_Keyboard_1.0</xilinx:tag>
        <xilinx:tag xilinx:name="ui.data.coregen.dd@5e3655fb_ARCHIVE_LOCATION">/home/weaves/Music/TestVGA.2-1/ip_repo/PS2_Keyboard_1.0</xilinx:tag>
        <xilinx:tag xilinx:name="ui.data.coregen.dd@7f46cc8a_ARCHIVE_LOCATION">/home/weaves/Music/TestVGA.2-1/ip_repo/PS2_Keyboard_1.0</xilinx:tag>
        <xilinx:tag xilinx:name="ui.data.coregen.dd@44765aa5_ARCHIVE_LOCATION">/home/weaves/Music/TestVGA.2-1/ip_repo/PS2_Keyboard_1.0</xilinx:tag>
        <xilinx:tag xilinx:name="ui.data.coregen.dd@3a47be46_ARCHIVE_LOCATION">/home/weaves/Music/TestVGA.2-1/ip_repo/PS2_Keyboard_1.0</xilinx:tag>
        <xilinx:tag xilinx:name="ui.data.coregen.dd@1c47c8f5_ARCHIVE_LOCATION">/home/weaves/Music/TestVGA.2-1/ip_repo/PS2_Keyboard_1.0</xilinx:tag>
        <xilinx:tag xilinx:name="ui.data.coregen.dd@2d386f9_ARCHIVE_LOCATION">/home/weaves/Music/TestVGA.2-1/ip_repo/PS2_Keyboard_1.0</xilinx:tag>
        <xilinx:tag xilinx:name="ui.data.coregen.dd@46ebd897_ARCHIVE_LOCATION">/home/weaves/Music/TestVGA.2-1/ip_repo/PS2_Keyboard_1.0</xilinx:tag>
        <xilinx:tag xilinx:name="ui.data.coregen.dd@45a66e3_ARCHIVE_LOCATION">/home/weaves/Music/TestVGA.2-1/ip_repo/PS2_Keyboard_1.0</xilinx:tag>
        <xilinx:tag xilinx:name="ui.data.coregen.dd@895c934_ARCHIVE_LOCATION">/home/weaves/Music/TestVGA.2-1/ip_repo/PS2_Keyboard_1.0</xilinx:tag>
        <xilinx:tag xilinx:name="ui.data.coregen.dd@737a176a_ARCHIVE_LOCATION">/home/weaves/Music/TestVGA.2-1/ip_repo/PS2_Keyboard_1.0</xilinx:tag>
        <xilinx:tag xilinx:name="ui.data.coregen.dd@6e14492d_ARCHIVE_LOCATION">/home/weaves/Music/TestVGA.2-1/ip_repo/PS2_Keyboard_1.0</xilinx:tag>
        <xilinx:tag xilinx:name="ui.data.coregen.dd@538e09e2_ARCHIVE_LOCATION">/home/weaves/Music/TestVGA.2-1/ip_repo/PS2_Keyboard_1.0</xilinx:tag>
        <xilinx:tag xilinx:name="ui.data.coregen.dd@33590d97_ARCHIVE_LOCATION">/home/weaves/Music/TestVGA.2-1/ip_repo/PS2_Keyboard_1.0</xilinx:tag>
        <xilinx:tag xilinx:name="ui.data.coregen.dd@78f09cf6_ARCHIVE_LOCATION">/home/weaves/Music/TestVGA.2-1/ip_repo/PS2_Keyboard_1.0</xilinx:tag>
        <xilinx:tag xilinx:name="ui.data.coregen.dd@70cb8a2_ARCHIVE_LOCATION">/home/weaves/Music/TestVGA.2-1/ip_repo/PS2_Keyboard_1.0</xilinx:tag>
        <xilinx:tag xilinx:name="ui.data.coregen.dd@597ae2f5_ARCHIVE_LOCATION">/home/weaves/Music/TestVGA.2-1/ip_repo/PS2_Keyboard_1.0</xilinx:tag>
        <xilinx:tag xilinx:name="ui.data.coregen.dd@26cbcc78_ARCHIVE_LOCATION">/home/weaves/Music/TestVGA.2-1/ip_repo/PS2_Keyboard_1.0</xilinx:tag>
        <xilinx:tag xilinx:name="ui.data.coregen.dd@b89c05d_ARCHIVE_LOCATION">/home/weaves/Music/TestVGA.2-1/ip_repo/PS2_Keyboard_1.0</xilinx:tag>
        <xilinx:tag xilinx:name="ui.data.coregen.dd@314bd2d9_ARCHIVE_LOCATION">/home/weaves/Music/TestVGA.2-1/ip_repo/PS2_Keyboard_1.0</xilinx:tag>
        <xilinx:tag xilinx:name="ui.data.coregen.dd@2f6b8fb2_ARCHIVE_LOCATION">/home/weaves/Music/TestVGA.2-1/ip_repo/PS2_Keyboard_1.0</xilinx:tag>
        <xilinx:tag xilinx:name="ui.data.coregen.dd@71d0db2c_ARCHIVE_LOCATION">/home/weaves/Music/TestVGA.2-1/ip_repo/PS2_Keyboard_1.0</xilinx:tag>
        <xilinx:tag xilinx:name="ui.data.coregen.dd@4bfc1b9b_ARCHIVE_LOCATION">/home/weaves/Music/TestVGA.2-1/ip_repo/PS2_Keyboard_1.0</xilinx:tag>
        <xilinx:tag xilinx:name="ui.data.coregen.dd@607a41a0_ARCHIVE_LOCATION">/home/weaves/Music/TestVGA.2-1/ip_repo/PS2_Keyboard_1.0</xilinx:tag>
        <xilinx:tag xilinx:name="ui.data.coregen.dd@253f219_ARCHIVE_LOCATION">/home/weaves/Music/TestVGA.2-1/ip_repo/PS2_Keyboard_1.0</xilinx:tag>
        <xilinx:tag xilinx:name="ui.data.coregen.dd@42c3a5f9_ARCHIVE_LOCATION">/home/weaves/Music/TestVGA.2-1/ip_repo/PS2_Keyboard_1.0</xilinx:tag>
        <xilinx:tag xilinx:name="ui.data.coregen.dd@39d6458c_ARCHIVE_LOCATION">/home/weaves/Music/TestVGA.2-1/ip_repo/PS2_Keyboard_1.0</xilinx:tag>
        <xilinx:tag xilinx:name="ui.data.coregen.dd@1f157af7_ARCHIVE_LOCATION">/home/weaves/Music/TestVGA.2-1/ip_repo/PS2_Keyboard_1.0</xilinx:tag>
        <xilinx:tag xilinx:name="ui.data.coregen.dd@3b7aa4c9_ARCHIVE_LOCATION">/home/weaves/Music/TestVGA.2-1/ip_repo/PS2_Keyboard_1.0</xilinx:tag>
        <xilinx:tag xilinx:name="ui.data.coregen.dd@f0c00a2_ARCHIVE_LOCATION">/home/weaves/Music/TestVGA.2-1/ip_repo/PS2_Keyboard_1.0</xilinx:tag>
        <xilinx:tag xilinx:name="ui.data.coregen.dd@1cc1dc54_ARCHIVE_LOCATION">/home/weaves/Music/TestVGA.2-1/ip_repo/PS2_Keyboard_1.0</xilinx:tag>
        <xilinx:tag xilinx:name="ui.data.coregen.dd@2bd16b68_ARCHIVE_LOCATION">/home/weaves/Music/TestVGA.2-1/ip_repo/PS2_Keyboard_1.0</xilinx:tag>
        <xilinx:tag xilinx:name="ui.data.coregen.dd@5183e93b_ARCHIVE_LOCATION">/home/weaves/Music/TestVGA.2-1/ip_repo/PS2_Keyboard_1.0</xilinx:tag>
        <xilinx:tag xilinx:name="ui.data.coregen.dd@37e282e9_ARCHIVE_LOCATION">/home/weaves/Music/TestVGA.2-1/ip_repo/PS2_Keyboard_1.0</xilinx:tag>
        <xilinx:tag xilinx:name="ui.data.coregen.dd@6edb26e9_ARCHIVE_LOCATION">/home/weaves/Music/TestVGA.2-1/ip_repo/PS2_Keyboard_1.0</xilinx:tag>
        <xilinx:tag xilinx:name="ui.data.coregen.dd@6f500859_ARCHIVE_LOCATION">/home/weaves/Music/TestVGA.2-1/ip_repo/PS2_Keyboard_1.0</xilinx:tag>
        <xilinx:tag xilinx:name="ui.data.coregen.dd@5f231570_ARCHIVE_LOCATION">/home/weaves/Music/TestVGA.2-1/ip_repo/PS2_Keyboard_1.0</xilinx:tag>
        <xilinx:tag xilinx:name="ui.data.coregen.dd@13fdc79f_ARCHIVE_LOCATION">/home/weaves/Music/TestVGA.2-1/ip_repo/PS2_Keyboard_1.0</xilinx:tag>
        <xilinx:tag xilinx:name="ui.data.coregen.dd@76fab705_ARCHIVE_LOCATION">/home/weaves/Music/TestVGA.2-1/ip_repo/PS2_Keyboard_1.0</xilinx:tag>
        <xilinx:tag xilinx:name="ui.data.coregen.dd@5c6f2069_ARCHIVE_LOCATION">/home/weaves/Music/TestVGA.2-1/ip_repo/PS2_Keyboard_1.0</xilinx:tag>
        <xilinx:tag xilinx:name="ui.data.coregen.dd@6ee563be_ARCHIVE_LOCATION">/home/weaves/Music/TestVGA.2-1/ip_repo/PS2_Keyboard_1.0</xilinx:tag>
        <xilinx:tag xilinx:name="ui.data.coregen.dd@5f04d440_ARCHIVE_LOCATION">/home/weaves/Music/TestVGA.2-1/ip_repo/PS2_Keyboard_1.0</xilinx:tag>
        <xilinx:tag xilinx:name="ui.data.coregen.dd@2383345f_ARCHIVE_LOCATION">/home/weaves/Music/TestVGA.2-1/ip_repo/PS2_Keyboard_1.0</xilinx:tag>
        <xilinx:tag xilinx:name="ui.data.coregen.dd@4da74cee_ARCHIVE_LOCATION">/home/weaves/Music/TestVGA.2-1/ip_repo/PS2_Keyboard_1.0</xilinx:tag>
      </xilinx:tags>
    </xilinx:coreExtensions>
    <xilinx:packagingInfo>
      <xilinx:xilinxVersion>2019.1</xilinx:xilinxVersion>
      <xilinx:checksum xilinx:scope="busInterfaces" xilinx:value="b939b64e"/>
      <xilinx:checksum xilinx:scope="memoryMaps" xilinx:value="ed1368d5"/>
      <xilinx:checksum xilinx:scope="fileGroups" xilinx:value="ba6fecc7"/>
      <xilinx:checksum xilinx:scope="ports" xilinx:value="39449030"/>
      <xilinx:checksum xilinx:scope="hdlParameters" xilinx:value="6992ea72"/>
      <xilinx:checksum xilinx:scope="parameters" xilinx:value="8d0fd870"/>
    </xilinx:packagingInfo>
  </spirit:vendorExtensions>
</spirit:component>
