<?xml version="1.0" encoding="UTF-8"?>
<spirit:component xmlns:xilinx="http://www.xilinx.com" xmlns:spirit="http://www.spiritconsortium.org/XMLSchema/SPIRIT/1685-2009" xmlns:xsi="http://www.w3.org/2001/XMLSchema-instance">
  <spirit:vendor>user.org</spirit:vendor>
  <spirit:library>user</spirit:library>
  <spirit:name>VGA_BRAM</spirit:name>
  <spirit:version>1.0</spirit:version>
  <spirit:busInterfaces>
    <spirit:busInterface>
      <spirit:name>S00_AXI</spirit:name>
      <spirit:busType spirit:vendor="xilinx.com" spirit:library="interface" spirit:name="aximm" spirit:version="1.0"/>
      <spirit:abstractionType spirit:vendor="xilinx.com" spirit:library="interface" spirit:name="aximm_rtl" spirit:version="1.0"/>
      <spirit:slave>
        <spirit:memoryMapRef spirit:memoryMapRef="S00_AXI"/>
      </spirit:slave>
      <spirit:portMaps>
        <spirit:portMap>
          <spirit:logicalPort>
            <spirit:name>AWADDR</spirit:name>
          </spirit:logicalPort>
          <spirit:physicalPort>
            <spirit:name>s00_axi_awaddr</spirit:name>
          </spirit:physicalPort>
        </spirit:portMap>
        <spirit:portMap>
          <spirit:logicalPort>
            <spirit:name>AWPROT</spirit:name>
          </spirit:logicalPort>
          <spirit:physicalPort>
            <spirit:name>s00_axi_awprot</spirit:name>
          </spirit:physicalPort>
        </spirit:portMap>
        <spirit:portMap>
          <spirit:logicalPort>
            <spirit:name>AWVALID</spirit:name>
          </spirit:logicalPort>
          <spirit:physicalPort>
            <spirit:name>s00_axi_awvalid</spirit:name>
          </spirit:physicalPort>
        </spirit:portMap>
        <spirit:portMap>
          <spirit:logicalPort>
            <spirit:name>AWREADY</spirit:name>
          </spirit:logicalPort>
          <spirit:physicalPort>
            <spirit:name>s00_axi_awready</spirit:name>
          </spirit:physicalPort>
        </spirit:portMap>
        <spirit:portMap>
          <spirit:logicalPort>
            <spirit:name>WDATA</spirit:name>
          </spirit:logicalPort>
          <spirit:physicalPort>
            <spirit:name>s00_axi_wdata</spirit:name>
          </spirit:physicalPort>
        </spirit:portMap>
        <spirit:portMap>
          <spirit:logicalPort>
            <spirit:name>WSTRB</spirit:name>
          </spirit:logicalPort>
          <spirit:physicalPort>
            <spirit:name>s00_axi_wstrb</spirit:name>
          </spirit:physicalPort>
        </spirit:portMap>
        <spirit:portMap>
          <spirit:logicalPort>
            <spirit:name>WVALID</spirit:name>
          </spirit:logicalPort>
          <spirit:physicalPort>
            <spirit:name>s00_axi_wvalid</spirit:name>
          </spirit:physicalPort>
        </spirit:portMap>
        <spirit:portMap>
          <spirit:logicalPort>
            <spirit:name>WREADY</spirit:name>
          </spirit:logicalPort>
          <spirit:physicalPort>
            <spirit:name>s00_axi_wready</spirit:name>
          </spirit:physicalPort>
        </spirit:portMap>
        <spirit:portMap>
          <spirit:logicalPort>
            <spirit:name>BRESP</spirit:name>
          </spirit:logicalPort>
          <spirit:physicalPort>
            <spirit:name>s00_axi_bresp</spirit:name>
          </spirit:physicalPort>
        </spirit:portMap>
        <spirit:portMap>
          <spirit:logicalPort>
            <spirit:name>BVALID</spirit:name>
          </spirit:logicalPort>
          <spirit:physicalPort>
            <spirit:name>s00_axi_bvalid</spirit:name>
          </spirit:physicalPort>
        </spirit:portMap>
        <spirit:portMap>
          <spirit:logicalPort>
            <spirit:name>BREADY</spirit:name>
          </spirit:logicalPort>
          <spirit:physicalPort>
            <spirit:name>s00_axi_bready</spirit:name>
          </spirit:physicalPort>
        </spirit:portMap>
        <spirit:portMap>
          <spirit:logicalPort>
            <spirit:name>ARADDR</spirit:name>
          </spirit:logicalPort>
          <spirit:physicalPort>
            <spirit:name>s00_axi_araddr</spirit:name>
          </spirit:physicalPort>
        </spirit:portMap>
        <spirit:portMap>
          <spirit:logicalPort>
            <spirit:name>ARPROT</spirit:name>
          </spirit:logicalPort>
          <spirit:physicalPort>
            <spirit:name>s00_axi_arprot</spirit:name>
          </spirit:physicalPort>
        </spirit:portMap>
        <spirit:portMap>
          <spirit:logicalPort>
            <spirit:name>ARVALID</spirit:name>
          </spirit:logicalPort>
          <spirit:physicalPort>
            <spirit:name>s00_axi_arvalid</spirit:name>
          </spirit:physicalPort>
        </spirit:portMap>
        <spirit:portMap>
          <spirit:logicalPort>
            <spirit:name>ARREADY</spirit:name>
          </spirit:logicalPort>
          <spirit:physicalPort>
            <spirit:name>s00_axi_arready</spirit:name>
          </spirit:physicalPort>
        </spirit:portMap>
        <spirit:portMap>
          <spirit:logicalPort>
            <spirit:name>RDATA</spirit:name>
          </spirit:logicalPort>
          <spirit:physicalPort>
            <spirit:name>s00_axi_rdata</spirit:name>
          </spirit:physicalPort>
        </spirit:portMap>
        <spirit:portMap>
          <spirit:logicalPort>
            <spirit:name>RRESP</spirit:name>
          </spirit:logicalPort>
          <spirit:physicalPort>
            <spirit:name>s00_axi_rresp</spirit:name>
          </spirit:physicalPort>
        </spirit:portMap>
        <spirit:portMap>
          <spirit:logicalPort>
            <spirit:name>RVALID</spirit:name>
          </spirit:logicalPort>
          <spirit:physicalPort>
            <spirit:name>s00_axi_rvalid</spirit:name>
          </spirit:physicalPort>
        </spirit:portMap>
        <spirit:portMap>
          <spirit:logicalPort>
            <spirit:name>RREADY</spirit:name>
          </spirit:logicalPort>
          <spirit:physicalPort>
            <spirit:name>s00_axi_rready</spirit:name>
          </spirit:physicalPort>
        </spirit:portMap>
      </spirit:portMaps>
      <spirit:parameters>
        <spirit:parameter>
          <spirit:name>WIZ_DATA_WIDTH</spirit:name>
          <spirit:value spirit:format="long" spirit:id="BUSIFPARAM_VALUE.S00_AXI.WIZ_DATA_WIDTH" spirit:choiceRef="choice_list_6fc15197">32</spirit:value>
        </spirit:parameter>
        <spirit:parameter>
          <spirit:name>WIZ_NUM_REG</spirit:name>
          <spirit:value spirit:format="long" spirit:id="BUSIFPARAM_VALUE.S00_AXI.WIZ_NUM_REG" spirit:minimum="4" spirit:maximum="512" spirit:rangeType="long">4</spirit:value>
        </spirit:parameter>
        <spirit:parameter>
          <spirit:name>SUPPORTS_NARROW_BURST</spirit:name>
          <spirit:value spirit:format="long" spirit:id="BUSIFPARAM_VALUE.S00_AXI.SUPPORTS_NARROW_BURST" spirit:choiceRef="choice_pairs_ce1226b1">0</spirit:value>
        </spirit:parameter>
      </spirit:parameters>
    </spirit:busInterface>
    <spirit:busInterface>
      <spirit:name>S00_AXI_RST</spirit:name>
      <spirit:busType spirit:vendor="xilinx.com" spirit:library="signal" spirit:name="reset" spirit:version="1.0"/>
      <spirit:abstractionType spirit:vendor="xilinx.com" spirit:library="signal" spirit:name="reset_rtl" spirit:version="1.0"/>
      <spirit:slave/>
      <spirit:portMaps>
        <spirit:portMap>
          <spirit:logicalPort>
            <spirit:name>RST</spirit:name>
          </spirit:logicalPort>
          <spirit:physicalPort>
            <spirit:name>s00_axi_aresetn</spirit:name>
          </spirit:physicalPort>
        </spirit:portMap>
      </spirit:portMaps>
      <spirit:parameters>
        <spirit:parameter>
          <spirit:name>POLARITY</spirit:name>
          <spirit:value spirit:id="BUSIFPARAM_VALUE.S00_AXI_RST.POLARITY" spirit:choiceRef="choice_list_9d8b0d81">ACTIVE_LOW</spirit:value>
        </spirit:parameter>
      </spirit:parameters>
    </spirit:busInterface>
    <spirit:busInterface>
      <spirit:name>S00_AXI_CLK</spirit:name>
      <spirit:busType spirit:vendor="xilinx.com" spirit:library="signal" spirit:name="clock" spirit:version="1.0"/>
      <spirit:abstractionType spirit:vendor="xilinx.com" spirit:library="signal" spirit:name="clock_rtl" spirit:version="1.0"/>
      <spirit:slave/>
      <spirit:portMaps>
        <spirit:portMap>
          <spirit:logicalPort>
            <spirit:name>CLK</spirit:name>
          </spirit:logicalPort>
          <spirit:physicalPort>
            <spirit:name>s00_axi_aclk</spirit:name>
          </spirit:physicalPort>
        </spirit:portMap>
      </spirit:portMaps>
      <spirit:parameters>
        <spirit:parameter>
          <spirit:name>ASSOCIATED_BUSIF</spirit:name>
          <spirit:value spirit:id="BUSIFPARAM_VALUE.S00_AXI_CLK.ASSOCIATED_BUSIF">S00_AXI</spirit:value>
        </spirit:parameter>
        <spirit:parameter>
          <spirit:name>ASSOCIATED_RESET</spirit:name>
          <spirit:value spirit:id="BUSIFPARAM_VALUE.S00_AXI_CLK.ASSOCIATED_RESET">s00_axi_aresetn</spirit:value>
        </spirit:parameter>
      </spirit:parameters>
    </spirit:busInterface>
  </spirit:busInterfaces>
  <spirit:memoryMaps>
    <spirit:memoryMap>
      <spirit:name>S00_AXI</spirit:name>
      <spirit:addressBlock>
        <spirit:name>S00_AXI_reg</spirit:name>
        <spirit:baseAddress spirit:format="long" spirit:resolve="user">0</spirit:baseAddress>
        <spirit:range spirit:format="long">4096</spirit:range>
        <spirit:width spirit:format="long">32</spirit:width>
        <spirit:usage>register</spirit:usage>
        <spirit:parameters>
          <spirit:parameter>
            <spirit:name>OFFSET_BASE_PARAM</spirit:name>
            <spirit:value spirit:id="ADDRBLOCKPARAM_VALUE.S00_AXI.S00_AXI_REG.OFFSET_BASE_PARAM">C_S00_AXI_BASEADDR</spirit:value>
          </spirit:parameter>
          <spirit:parameter>
            <spirit:name>OFFSET_HIGH_PARAM</spirit:name>
            <spirit:value spirit:id="ADDRBLOCKPARAM_VALUE.S00_AXI.S00_AXI_REG.OFFSET_HIGH_PARAM">C_S00_AXI_HIGHADDR</spirit:value>
          </spirit:parameter>
        </spirit:parameters>
      </spirit:addressBlock>
    </spirit:memoryMap>
  </spirit:memoryMaps>
  <spirit:model>
    <spirit:views>
      <spirit:view>
        <spirit:name>xilinx_vhdlsynthesis</spirit:name>
        <spirit:displayName>VHDL Synthesis</spirit:displayName>
        <spirit:envIdentifier>vhdlSource:vivado.xilinx.com:synthesis</spirit:envIdentifier>
        <spirit:language>vhdl</spirit:language>
        <spirit:modelName>VGA_BRAM_v1_0</spirit:modelName>
        <spirit:fileSetRef>
          <spirit:localName>xilinx_vhdlsynthesis_xilinx_com_ip_blk_mem_gen_8_4__ref_view_fileset</spirit:localName>
        </spirit:fileSetRef>
        <spirit:fileSetRef>
          <spirit:localName>xilinx_vhdlsynthesis_xilinx_com_ip_clk_wiz_6_0__ref_view_fileset</spirit:localName>
        </spirit:fileSetRef>
        <spirit:fileSetRef>
          <spirit:localName>xilinx_vhdlsynthesis_view_fileset</spirit:localName>
        </spirit:fileSetRef>
        <spirit:parameters>
          <spirit:parameter>
            <spirit:name>viewChecksum</spirit:name>
            <spirit:value>763797d7</spirit:value>
          </spirit:parameter>
        </spirit:parameters>
      </spirit:view>
      <spirit:view>
        <spirit:name>xilinx_vhdlbehavioralsimulation</spirit:name>
        <spirit:displayName>VHDL Simulation</spirit:displayName>
        <spirit:envIdentifier>vhdlSource:vivado.xilinx.com:simulation</spirit:envIdentifier>
        <spirit:language>vhdl</spirit:language>
        <spirit:modelName>VGA_BRAM_v1_0</spirit:modelName>
        <spirit:fileSetRef>
          <spirit:localName>xilinx_vhdlbehavioralsimulation_xilinx_com_ip_blk_mem_gen_8_4__ref_view_fileset</spirit:localName>
        </spirit:fileSetRef>
        <spirit:fileSetRef>
          <spirit:localName>xilinx_vhdlbehavioralsimulation_xilinx_com_ip_clk_wiz_6_0__ref_view_fileset</spirit:localName>
        </spirit:fileSetRef>
        <spirit:fileSetRef>
          <spirit:localName>xilinx_vhdlbehavioralsimulation_view_fileset</spirit:localName>
        </spirit:fileSetRef>
        <spirit:parameters>
          <spirit:parameter>
            <spirit:name>viewChecksum</spirit:name>
            <spirit:value>763797d7</spirit:value>
          </spirit:parameter>
        </spirit:parameters>
      </spirit:view>
      <spirit:view>
        <spirit:name>xilinx_softwaredriver</spirit:name>
        <spirit:displayName>Software Driver</spirit:displayName>
        <spirit:envIdentifier>:vivado.xilinx.com:sw.driver</spirit:envIdentifier>
        <spirit:fileSetRef>
          <spirit:localName>xilinx_softwaredriver_view_fileset</spirit:localName>
        </spirit:fileSetRef>
        <spirit:parameters>
          <spirit:parameter>
            <spirit:name>viewChecksum</spirit:name>
            <spirit:value>e81ddc0a</spirit:value>
          </spirit:parameter>
        </spirit:parameters>
      </spirit:view>
      <spirit:view>
        <spirit:name>xilinx_xpgui</spirit:name>
        <spirit:displayName>UI Layout</spirit:displayName>
        <spirit:envIdentifier>:vivado.xilinx.com:xgui.ui</spirit:envIdentifier>
        <spirit:fileSetRef>
          <spirit:localName>xilinx_xpgui_view_fileset</spirit:localName>
        </spirit:fileSetRef>
        <spirit:parameters>
          <spirit:parameter>
            <spirit:name>viewChecksum</spirit:name>
            <spirit:value>fd592ead</spirit:value>
          </spirit:parameter>
        </spirit:parameters>
      </spirit:view>
      <spirit:view>
        <spirit:name>bd_tcl</spirit:name>
        <spirit:displayName>Block Diagram</spirit:displayName>
        <spirit:envIdentifier>:vivado.xilinx.com:block.diagram</spirit:envIdentifier>
        <spirit:fileSetRef>
          <spirit:localName>bd_tcl_view_fileset</spirit:localName>
        </spirit:fileSetRef>
        <spirit:parameters>
          <spirit:parameter>
            <spirit:name>viewChecksum</spirit:name>
            <spirit:value>45a2f450</spirit:value>
          </spirit:parameter>
        </spirit:parameters>
      </spirit:view>
    </spirit:views>
    <spirit:ports>
      <spirit:port>
        <spirit:name>Clk_125Mhz</spirit:name>
        <spirit:wire>
          <spirit:direction>in</spirit:direction>
          <spirit:wireTypeDefs>
            <spirit:wireTypeDef>
              <spirit:typeName>std_logic</spirit:typeName>
              <spirit:viewNameRef>xilinx_vhdlsynthesis</spirit:viewNameRef>
              <spirit:viewNameRef>xilinx_vhdlbehavioralsimulation</spirit:viewNameRef>
            </spirit:wireTypeDef>
          </spirit:wireTypeDefs>
        </spirit:wire>
      </spirit:port>
      <spirit:port>
        <spirit:name>VGA_HS_O</spirit:name>
        <spirit:wire>
          <spirit:direction>out</spirit:direction>
          <spirit:wireTypeDefs>
            <spirit:wireTypeDef>
              <spirit:typeName>STD_LOGIC</spirit:typeName>
              <spirit:viewNameRef>xilinx_vhdlsynthesis</spirit:viewNameRef>
              <spirit:viewNameRef>xilinx_vhdlbehavioralsimulation</spirit:viewNameRef>
            </spirit:wireTypeDef>
          </spirit:wireTypeDefs>
        </spirit:wire>
      </spirit:port>
      <spirit:port>
        <spirit:name>VGA_VS_O</spirit:name>
        <spirit:wire>
          <spirit:direction>out</spirit:direction>
          <spirit:wireTypeDefs>
            <spirit:wireTypeDef>
              <spirit:typeName>STD_LOGIC</spirit:typeName>
              <spirit:viewNameRef>xilinx_vhdlsynthesis</spirit:viewNameRef>
              <spirit:viewNameRef>xilinx_vhdlbehavioralsimulation</spirit:viewNameRef>
            </spirit:wireTypeDef>
          </spirit:wireTypeDefs>
        </spirit:wire>
      </spirit:port>
      <spirit:port>
        <spirit:name>VGA_R</spirit:name>
        <spirit:wire>
          <spirit:direction>out</spirit:direction>
          <spirit:vector>
            <spirit:left spirit:format="long">3</spirit:left>
            <spirit:right spirit:format="long">0</spirit:right>
          </spirit:vector>
          <spirit:wireTypeDefs>
            <spirit:wireTypeDef>
              <spirit:typeName>STD_LOGIC_VECTOR</spirit:typeName>
              <spirit:viewNameRef>xilinx_vhdlsynthesis</spirit:viewNameRef>
              <spirit:viewNameRef>xilinx_vhdlbehavioralsimulation</spirit:viewNameRef>
            </spirit:wireTypeDef>
          </spirit:wireTypeDefs>
        </spirit:wire>
      </spirit:port>
      <spirit:port>
        <spirit:name>VGA_B</spirit:name>
        <spirit:wire>
          <spirit:direction>out</spirit:direction>
          <spirit:vector>
            <spirit:left spirit:format="long">3</spirit:left>
            <spirit:right spirit:format="long">0</spirit:right>
          </spirit:vector>
          <spirit:wireTypeDefs>
            <spirit:wireTypeDef>
              <spirit:typeName>STD_LOGIC_VECTOR</spirit:typeName>
              <spirit:viewNameRef>xilinx_vhdlsynthesis</spirit:viewNameRef>
              <spirit:viewNameRef>xilinx_vhdlbehavioralsimulation</spirit:viewNameRef>
            </spirit:wireTypeDef>
          </spirit:wireTypeDefs>
        </spirit:wire>
      </spirit:port>
      <spirit:port>
        <spirit:name>VGA_G</spirit:name>
        <spirit:wire>
          <spirit:direction>out</spirit:direction>
          <spirit:vector>
            <spirit:left spirit:format="long">3</spirit:left>
            <spirit:right spirit:format="long">0</spirit:right>
          </spirit:vector>
          <spirit:wireTypeDefs>
            <spirit:wireTypeDef>
              <spirit:typeName>STD_LOGIC_VECTOR</spirit:typeName>
              <spirit:viewNameRef>xilinx_vhdlsynthesis</spirit:viewNameRef>
              <spirit:viewNameRef>xilinx_vhdlbehavioralsimulation</spirit:viewNameRef>
            </spirit:wireTypeDef>
          </spirit:wireTypeDefs>
        </spirit:wire>
      </spirit:port>
      <spirit:port>
        <spirit:name>s00_axi_awaddr</spirit:name>
        <spirit:wire>
          <spirit:direction>in</spirit:direction>
          <spirit:vector>
            <spirit:left spirit:format="long" spirit:resolve="dependent" spirit:dependency="(spirit:decode(id(&apos;MODELPARAM_VALUE.C_S00_AXI_ADDR_WIDTH&apos;)) - 1)">15</spirit:left>
            <spirit:right spirit:format="long">0</spirit:right>
          </spirit:vector>
          <spirit:wireTypeDefs>
            <spirit:wireTypeDef>
              <spirit:typeName>std_logic_vector</spirit:typeName>
              <spirit:viewNameRef>xilinx_vhdlsynthesis</spirit:viewNameRef>
              <spirit:viewNameRef>xilinx_vhdlbehavioralsimulation</spirit:viewNameRef>
            </spirit:wireTypeDef>
          </spirit:wireTypeDefs>
        </spirit:wire>
      </spirit:port>
      <spirit:port>
        <spirit:name>s00_axi_awprot</spirit:name>
        <spirit:wire>
          <spirit:direction>in</spirit:direction>
          <spirit:vector>
            <spirit:left spirit:format="long">2</spirit:left>
            <spirit:right spirit:format="long">0</spirit:right>
          </spirit:vector>
          <spirit:wireTypeDefs>
            <spirit:wireTypeDef>
              <spirit:typeName>std_logic_vector</spirit:typeName>
              <spirit:viewNameRef>xilinx_vhdlsynthesis</spirit:viewNameRef>
              <spirit:viewNameRef>xilinx_vhdlbehavioralsimulation</spirit:viewNameRef>
            </spirit:wireTypeDef>
          </spirit:wireTypeDefs>
        </spirit:wire>
      </spirit:port>
      <spirit:port>
        <spirit:name>s00_axi_awvalid</spirit:name>
        <spirit:wire>
          <spirit:direction>in</spirit:direction>
          <spirit:wireTypeDefs>
            <spirit:wireTypeDef>
              <spirit:typeName>std_logic</spirit:typeName>
              <spirit:viewNameRef>xilinx_vhdlsynthesis</spirit:viewNameRef>
              <spirit:viewNameRef>xilinx_vhdlbehavioralsimulation</spirit:viewNameRef>
            </spirit:wireTypeDef>
          </spirit:wireTypeDefs>
        </spirit:wire>
      </spirit:port>
      <spirit:port>
        <spirit:name>s00_axi_awready</spirit:name>
        <spirit:wire>
          <spirit:direction>out</spirit:direction>
          <spirit:wireTypeDefs>
            <spirit:wireTypeDef>
              <spirit:typeName>std_logic</spirit:typeName>
              <spirit:viewNameRef>xilinx_vhdlsynthesis</spirit:viewNameRef>
              <spirit:viewNameRef>xilinx_vhdlbehavioralsimulation</spirit:viewNameRef>
            </spirit:wireTypeDef>
          </spirit:wireTypeDefs>
        </spirit:wire>
      </spirit:port>
      <spirit:port>
        <spirit:name>s00_axi_wdata</spirit:name>
        <spirit:wire>
          <spirit:direction>in</spirit:direction>
          <spirit:vector>
            <spirit:left spirit:format="long" spirit:resolve="dependent" spirit:dependency="(spirit:decode(id(&apos;MODELPARAM_VALUE.C_S00_AXI_DATA_WIDTH&apos;)) - 1)">31</spirit:left>
            <spirit:right spirit:format="long">0</spirit:right>
          </spirit:vector>
          <spirit:wireTypeDefs>
            <spirit:wireTypeDef>
              <spirit:typeName>std_logic_vector</spirit:typeName>
              <spirit:viewNameRef>xilinx_vhdlsynthesis</spirit:viewNameRef>
              <spirit:viewNameRef>xilinx_vhdlbehavioralsimulation</spirit:viewNameRef>
            </spirit:wireTypeDef>
          </spirit:wireTypeDefs>
        </spirit:wire>
      </spirit:port>
      <spirit:port>
        <spirit:name>s00_axi_wstrb</spirit:name>
        <spirit:wire>
          <spirit:direction>in</spirit:direction>
          <spirit:vector>
            <spirit:left spirit:format="long" spirit:resolve="dependent" spirit:dependency="((spirit:decode(id(&apos;MODELPARAM_VALUE.C_S00_AXI_DATA_WIDTH&apos;)) / 8) - 1)">3</spirit:left>
            <spirit:right spirit:format="long">0</spirit:right>
          </spirit:vector>
          <spirit:wireTypeDefs>
            <spirit:wireTypeDef>
              <spirit:typeName>std_logic_vector</spirit:typeName>
              <spirit:viewNameRef>xilinx_vhdlsynthesis</spirit:viewNameRef>
              <spirit:viewNameRef>xilinx_vhdlbehavioralsimulation</spirit:viewNameRef>
            </spirit:wireTypeDef>
          </spirit:wireTypeDefs>
        </spirit:wire>
      </spirit:port>
      <spirit:port>
        <spirit:name>s00_axi_wvalid</spirit:name>
        <spirit:wire>
          <spirit:direction>in</spirit:direction>
          <spirit:wireTypeDefs>
            <spirit:wireTypeDef>
              <spirit:typeName>std_logic</spirit:typeName>
              <spirit:viewNameRef>xilinx_vhdlsynthesis</spirit:viewNameRef>
              <spirit:viewNameRef>xilinx_vhdlbehavioralsimulation</spirit:viewNameRef>
            </spirit:wireTypeDef>
          </spirit:wireTypeDefs>
        </spirit:wire>
      </spirit:port>
      <spirit:port>
        <spirit:name>s00_axi_wready</spirit:name>
        <spirit:wire>
          <spirit:direction>out</spirit:direction>
          <spirit:wireTypeDefs>
            <spirit:wireTypeDef>
              <spirit:typeName>std_logic</spirit:typeName>
              <spirit:viewNameRef>xilinx_vhdlsynthesis</spirit:viewNameRef>
              <spirit:viewNameRef>xilinx_vhdlbehavioralsimulation</spirit:viewNameRef>
            </spirit:wireTypeDef>
          </spirit:wireTypeDefs>
        </spirit:wire>
      </spirit:port>
      <spirit:port>
        <spirit:name>s00_axi_bresp</spirit:name>
        <spirit:wire>
          <spirit:direction>out</spirit:direction>
          <spirit:vector>
            <spirit:left spirit:format="long">1</spirit:left>
            <spirit:right spirit:format="long">0</spirit:right>
          </spirit:vector>
          <spirit:wireTypeDefs>
            <spirit:wireTypeDef>
              <spirit:typeName>std_logic_vector</spirit:typeName>
              <spirit:viewNameRef>xilinx_vhdlsynthesis</spirit:viewNameRef>
              <spirit:viewNameRef>xilinx_vhdlbehavioralsimulation</spirit:viewNameRef>
            </spirit:wireTypeDef>
          </spirit:wireTypeDefs>
        </spirit:wire>
      </spirit:port>
      <spirit:port>
        <spirit:name>s00_axi_bvalid</spirit:name>
        <spirit:wire>
          <spirit:direction>out</spirit:direction>
          <spirit:wireTypeDefs>
            <spirit:wireTypeDef>
              <spirit:typeName>std_logic</spirit:typeName>
              <spirit:viewNameRef>xilinx_vhdlsynthesis</spirit:viewNameRef>
              <spirit:viewNameRef>xilinx_vhdlbehavioralsimulation</spirit:viewNameRef>
            </spirit:wireTypeDef>
          </spirit:wireTypeDefs>
        </spirit:wire>
      </spirit:port>
      <spirit:port>
        <spirit:name>s00_axi_bready</spirit:name>
        <spirit:wire>
          <spirit:direction>in</spirit:direction>
          <spirit:wireTypeDefs>
            <spirit:wireTypeDef>
              <spirit:typeName>std_logic</spirit:typeName>
              <spirit:viewNameRef>xilinx_vhdlsynthesis</spirit:viewNameRef>
              <spirit:viewNameRef>xilinx_vhdlbehavioralsimulation</spirit:viewNameRef>
            </spirit:wireTypeDef>
          </spirit:wireTypeDefs>
        </spirit:wire>
      </spirit:port>
      <spirit:port>
        <spirit:name>s00_axi_araddr</spirit:name>
        <spirit:wire>
          <spirit:direction>in</spirit:direction>
          <spirit:vector>
            <spirit:left spirit:format="long" spirit:resolve="dependent" spirit:dependency="(spirit:decode(id(&apos;MODELPARAM_VALUE.C_S00_AXI_ADDR_WIDTH&apos;)) - 1)">15</spirit:left>
            <spirit:right spirit:format="long">0</spirit:right>
          </spirit:vector>
          <spirit:wireTypeDefs>
            <spirit:wireTypeDef>
              <spirit:typeName>std_logic_vector</spirit:typeName>
              <spirit:viewNameRef>xilinx_vhdlsynthesis</spirit:viewNameRef>
              <spirit:viewNameRef>xilinx_vhdlbehavioralsimulation</spirit:viewNameRef>
            </spirit:wireTypeDef>
          </spirit:wireTypeDefs>
        </spirit:wire>
      </spirit:port>
      <spirit:port>
        <spirit:name>s00_axi_arprot</spirit:name>
        <spirit:wire>
          <spirit:direction>in</spirit:direction>
          <spirit:vector>
            <spirit:left spirit:format="long">2</spirit:left>
            <spirit:right spirit:format="long">0</spirit:right>
          </spirit:vector>
          <spirit:wireTypeDefs>
            <spirit:wireTypeDef>
              <spirit:typeName>std_logic_vector</spirit:typeName>
              <spirit:viewNameRef>xilinx_vhdlsynthesis</spirit:viewNameRef>
              <spirit:viewNameRef>xilinx_vhdlbehavioralsimulation</spirit:viewNameRef>
            </spirit:wireTypeDef>
          </spirit:wireTypeDefs>
        </spirit:wire>
      </spirit:port>
      <spirit:port>
        <spirit:name>s00_axi_arvalid</spirit:name>
        <spirit:wire>
          <spirit:direction>in</spirit:direction>
          <spirit:wireTypeDefs>
            <spirit:wireTypeDef>
              <spirit:typeName>std_logic</spirit:typeName>
              <spirit:viewNameRef>xilinx_vhdlsynthesis</spirit:viewNameRef>
              <spirit:viewNameRef>xilinx_vhdlbehavioralsimulation</spirit:viewNameRef>
            </spirit:wireTypeDef>
          </spirit:wireTypeDefs>
        </spirit:wire>
      </spirit:port>
      <spirit:port>
        <spirit:name>s00_axi_arready</spirit:name>
        <spirit:wire>
          <spirit:direction>out</spirit:direction>
          <spirit:wireTypeDefs>
            <spirit:wireTypeDef>
              <spirit:typeName>std_logic</spirit:typeName>
              <spirit:viewNameRef>xilinx_vhdlsynthesis</spirit:viewNameRef>
              <spirit:viewNameRef>xilinx_vhdlbehavioralsimulation</spirit:viewNameRef>
            </spirit:wireTypeDef>
          </spirit:wireTypeDefs>
        </spirit:wire>
      </spirit:port>
      <spirit:port>
        <spirit:name>s00_axi_rdata</spirit:name>
        <spirit:wire>
          <spirit:direction>out</spirit:direction>
          <spirit:vector>
            <spirit:left spirit:format="long" spirit:resolve="dependent" spirit:dependency="(spirit:decode(id(&apos;MODELPARAM_VALUE.C_S00_AXI_DATA_WIDTH&apos;)) - 1)">31</spirit:left>
            <spirit:right spirit:format="long">0</spirit:right>
          </spirit:vector>
          <spirit:wireTypeDefs>
            <spirit:wireTypeDef>
              <spirit:typeName>std_logic_vector</spirit:typeName>
              <spirit:viewNameRef>xilinx_vhdlsynthesis</spirit:viewNameRef>
              <spirit:viewNameRef>xilinx_vhdlbehavioralsimulation</spirit:viewNameRef>
            </spirit:wireTypeDef>
          </spirit:wireTypeDefs>
        </spirit:wire>
      </spirit:port>
      <spirit:port>
        <spirit:name>s00_axi_rresp</spirit:name>
        <spirit:wire>
          <spirit:direction>out</spirit:direction>
          <spirit:vector>
            <spirit:left spirit:format="long">1</spirit:left>
            <spirit:right spirit:format="long">0</spirit:right>
          </spirit:vector>
          <spirit:wireTypeDefs>
            <spirit:wireTypeDef>
              <spirit:typeName>std_logic_vector</spirit:typeName>
              <spirit:viewNameRef>xilinx_vhdlsynthesis</spirit:viewNameRef>
              <spirit:viewNameRef>xilinx_vhdlbehavioralsimulation</spirit:viewNameRef>
            </spirit:wireTypeDef>
          </spirit:wireTypeDefs>
        </spirit:wire>
      </spirit:port>
      <spirit:port>
        <spirit:name>s00_axi_rvalid</spirit:name>
        <spirit:wire>
          <spirit:direction>out</spirit:direction>
          <spirit:wireTypeDefs>
            <spirit:wireTypeDef>
              <spirit:typeName>std_logic</spirit:typeName>
              <spirit:viewNameRef>xilinx_vhdlsynthesis</spirit:viewNameRef>
              <spirit:viewNameRef>xilinx_vhdlbehavioralsimulation</spirit:viewNameRef>
            </spirit:wireTypeDef>
          </spirit:wireTypeDefs>
        </spirit:wire>
      </spirit:port>
      <spirit:port>
        <spirit:name>s00_axi_rready</spirit:name>
        <spirit:wire>
          <spirit:direction>in</spirit:direction>
          <spirit:wireTypeDefs>
            <spirit:wireTypeDef>
              <spirit:typeName>std_logic</spirit:typeName>
              <spirit:viewNameRef>xilinx_vhdlsynthesis</spirit:viewNameRef>
              <spirit:viewNameRef>xilinx_vhdlbehavioralsimulation</spirit:viewNameRef>
            </spirit:wireTypeDef>
          </spirit:wireTypeDefs>
        </spirit:wire>
      </spirit:port>
      <spirit:port>
        <spirit:name>s00_axi_aclk</spirit:name>
        <spirit:wire>
          <spirit:direction>in</spirit:direction>
          <spirit:wireTypeDefs>
            <spirit:wireTypeDef>
              <spirit:typeName>std_logic</spirit:typeName>
              <spirit:viewNameRef>xilinx_vhdlsynthesis</spirit:viewNameRef>
              <spirit:viewNameRef>xilinx_vhdlbehavioralsimulation</spirit:viewNameRef>
            </spirit:wireTypeDef>
          </spirit:wireTypeDefs>
        </spirit:wire>
      </spirit:port>
      <spirit:port>
        <spirit:name>s00_axi_aresetn</spirit:name>
        <spirit:wire>
          <spirit:direction>in</spirit:direction>
          <spirit:wireTypeDefs>
            <spirit:wireTypeDef>
              <spirit:typeName>std_logic</spirit:typeName>
              <spirit:viewNameRef>xilinx_vhdlsynthesis</spirit:viewNameRef>
              <spirit:viewNameRef>xilinx_vhdlbehavioralsimulation</spirit:viewNameRef>
            </spirit:wireTypeDef>
          </spirit:wireTypeDefs>
        </spirit:wire>
      </spirit:port>
    </spirit:ports>
    <spirit:modelParameters>
      <spirit:modelParameter xsi:type="spirit:nameValueTypeType" spirit:dataType="integer">
        <spirit:name>C_S00_AXI_DATA_WIDTH</spirit:name>
        <spirit:displayName>C S00 AXI DATA WIDTH</spirit:displayName>
        <spirit:description>Width of S_AXI data bus</spirit:description>
        <spirit:value spirit:format="long" spirit:resolve="generated" spirit:id="MODELPARAM_VALUE.C_S00_AXI_DATA_WIDTH" spirit:order="3" spirit:rangeType="long">32</spirit:value>
      </spirit:modelParameter>
      <spirit:modelParameter spirit:dataType="integer">
        <spirit:name>C_S00_AXI_ADDR_WIDTH</spirit:name>
        <spirit:displayName>C S00 AXI ADDR WIDTH</spirit:displayName>
        <spirit:description>Width of S_AXI address bus</spirit:description>
        <spirit:value spirit:format="long" spirit:resolve="generated" spirit:id="MODELPARAM_VALUE.C_S00_AXI_ADDR_WIDTH" spirit:order="4" spirit:rangeType="long">16</spirit:value>
      </spirit:modelParameter>
    </spirit:modelParameters>
  </spirit:model>
  <spirit:choices>
    <spirit:choice>
      <spirit:name>choice_list_6fc15197</spirit:name>
      <spirit:enumeration>32</spirit:enumeration>
    </spirit:choice>
    <spirit:choice>
      <spirit:name>choice_list_9d8b0d81</spirit:name>
      <spirit:enumeration>ACTIVE_HIGH</spirit:enumeration>
      <spirit:enumeration>ACTIVE_LOW</spirit:enumeration>
    </spirit:choice>
    <spirit:choice>
      <spirit:name>choice_pairs_ce1226b1</spirit:name>
      <spirit:enumeration spirit:text="true">1</spirit:enumeration>
      <spirit:enumeration spirit:text="false">0</spirit:enumeration>
    </spirit:choice>
  </spirit:choices>
  <spirit:fileSets>
    <spirit:fileSet>
      <spirit:name>xilinx_vhdlsynthesis_view_fileset</spirit:name>
      <spirit:file>
        <spirit:name>src/clk_wiz_0/clk_wiz_0.xci</spirit:name>
        <spirit:userFileType>xci</spirit:userFileType>
      </spirit:file>
      <spirit:file>
        <spirit:name>src/blk_mem_gen_0/blk_mem_gen_0.xci</spirit:name>
        <spirit:userFileType>xci</spirit:userFileType>
      </spirit:file>
      <spirit:file>
        <spirit:name>hdl/VGA_BRAM_v1_0_S00_AXI.vhd</spirit:name>
        <spirit:fileType>vhdlSource</spirit:fileType>
      </spirit:file>
      <spirit:file>
        <spirit:name>src/top.vhd</spirit:name>
        <spirit:fileType>vhdlSource</spirit:fileType>
      </spirit:file>
      <spirit:file>
        <spirit:name>hdl/VGA_BRAM_v1_0.vhd</spirit:name>
        <spirit:fileType>vhdlSource</spirit:fileType>
        <spirit:userFileType>CHECKSUM_53b42b3e</spirit:userFileType>
      </spirit:file>
    </spirit:fileSet>
    <spirit:fileSet>
      <spirit:name>xilinx_vhdlsynthesis_xilinx_com_ip_blk_mem_gen_8_4__ref_view_fileset</spirit:name>
      <spirit:vendorExtensions>
        <xilinx:subCoreRef>
          <xilinx:componentRef xilinx:vendor="xilinx.com" xilinx:library="ip" xilinx:name="blk_mem_gen" xilinx:version="8.4">
            <xilinx:mode xilinx:name="create_mode"/>
          </xilinx:componentRef>
        </xilinx:subCoreRef>
      </spirit:vendorExtensions>
    </spirit:fileSet>
    <spirit:fileSet>
      <spirit:name>xilinx_vhdlsynthesis_xilinx_com_ip_clk_wiz_6_0__ref_view_fileset</spirit:name>
      <spirit:vendorExtensions>
        <xilinx:subCoreRef>
          <xilinx:componentRef xilinx:vendor="xilinx.com" xilinx:library="ip" xilinx:name="clk_wiz" xilinx:version="6.0">
            <xilinx:mode xilinx:name="create_mode"/>
          </xilinx:componentRef>
        </xilinx:subCoreRef>
      </spirit:vendorExtensions>
    </spirit:fileSet>
    <spirit:fileSet>
      <spirit:name>xilinx_vhdlbehavioralsimulation_view_fileset</spirit:name>
      <spirit:file>
        <spirit:name>src/clk_wiz_0/clk_wiz_0.xci</spirit:name>
        <spirit:userFileType>xci</spirit:userFileType>
      </spirit:file>
      <spirit:file>
        <spirit:name>src/blk_mem_gen_0/blk_mem_gen_0.xci</spirit:name>
        <spirit:userFileType>xci</spirit:userFileType>
      </spirit:file>
      <spirit:file>
        <spirit:name>hdl/VGA_BRAM_v1_0_S00_AXI.vhd</spirit:name>
        <spirit:fileType>vhdlSource</spirit:fileType>
      </spirit:file>
      <spirit:file>
        <spirit:name>src/top.vhd</spirit:name>
        <spirit:fileType>vhdlSource</spirit:fileType>
      </spirit:file>
      <spirit:file>
        <spirit:name>hdl/VGA_BRAM_v1_0.vhd</spirit:name>
        <spirit:fileType>vhdlSource</spirit:fileType>
      </spirit:file>
    </spirit:fileSet>
    <spirit:fileSet>
      <spirit:name>xilinx_vhdlbehavioralsimulation_xilinx_com_ip_blk_mem_gen_8_4__ref_view_fileset</spirit:name>
      <spirit:vendorExtensions>
        <xilinx:subCoreRef>
          <xilinx:componentRef xilinx:vendor="xilinx.com" xilinx:library="ip" xilinx:name="blk_mem_gen" xilinx:version="8.4">
            <xilinx:mode xilinx:name="create_mode"/>
          </xilinx:componentRef>
        </xilinx:subCoreRef>
      </spirit:vendorExtensions>
    </spirit:fileSet>
    <spirit:fileSet>
      <spirit:name>xilinx_vhdlbehavioralsimulation_xilinx_com_ip_clk_wiz_6_0__ref_view_fileset</spirit:name>
      <spirit:vendorExtensions>
        <xilinx:subCoreRef>
          <xilinx:componentRef xilinx:vendor="xilinx.com" xilinx:library="ip" xilinx:name="clk_wiz" xilinx:version="6.0">
            <xilinx:mode xilinx:name="create_mode"/>
          </xilinx:componentRef>
        </xilinx:subCoreRef>
      </spirit:vendorExtensions>
    </spirit:fileSet>
    <spirit:fileSet>
      <spirit:name>xilinx_softwaredriver_view_fileset</spirit:name>
      <spirit:file>
        <spirit:name>drivers/VGA_BRAM_v1_0/data/VGA_BRAM.mdd</spirit:name>
        <spirit:userFileType>mdd</spirit:userFileType>
        <spirit:userFileType>driver_mdd</spirit:userFileType>
      </spirit:file>
      <spirit:file>
        <spirit:name>drivers/VGA_BRAM_v1_0/data/VGA_BRAM.tcl</spirit:name>
        <spirit:fileType>tclSource</spirit:fileType>
        <spirit:userFileType>driver_tcl</spirit:userFileType>
      </spirit:file>
      <spirit:file>
        <spirit:name>drivers/VGA_BRAM_v1_0/src/Makefile</spirit:name>
        <spirit:userFileType>driver_src</spirit:userFileType>
      </spirit:file>
      <spirit:file>
        <spirit:name>drivers/VGA_BRAM_v1_0/src/VGA_BRAM.h</spirit:name>
        <spirit:fileType>cSource</spirit:fileType>
        <spirit:userFileType>driver_src</spirit:userFileType>
      </spirit:file>
      <spirit:file>
        <spirit:name>drivers/VGA_BRAM_v1_0/src/VGA_BRAM.c</spirit:name>
        <spirit:fileType>cSource</spirit:fileType>
        <spirit:userFileType>driver_src</spirit:userFileType>
      </spirit:file>
      <spirit:file>
        <spirit:name>drivers/VGA_BRAM_v1_0/src/VGA_BRAM_selftest.c</spirit:name>
        <spirit:fileType>cSource</spirit:fileType>
        <spirit:userFileType>driver_src</spirit:userFileType>
      </spirit:file>
    </spirit:fileSet>
    <spirit:fileSet>
      <spirit:name>xilinx_xpgui_view_fileset</spirit:name>
      <spirit:file>
        <spirit:name>xgui/VGA_BRAM_v1_0.tcl</spirit:name>
        <spirit:fileType>tclSource</spirit:fileType>
        <spirit:userFileType>CHECKSUM_fd592ead</spirit:userFileType>
        <spirit:userFileType>XGUI_VERSION_2</spirit:userFileType>
      </spirit:file>
    </spirit:fileSet>
    <spirit:fileSet>
      <spirit:name>bd_tcl_view_fileset</spirit:name>
      <spirit:file>
        <spirit:name>bd/bd.tcl</spirit:name>
        <spirit:fileType>tclSource</spirit:fileType>
      </spirit:file>
    </spirit:fileSet>
  </spirit:fileSets>
  <spirit:description>My new AXI IP</spirit:description>
  <spirit:parameters>
    <spirit:parameter>
      <spirit:name>C_S00_AXI_DATA_WIDTH</spirit:name>
      <spirit:displayName>C S00 AXI DATA WIDTH</spirit:displayName>
      <spirit:description>Width of S_AXI data bus</spirit:description>
      <spirit:value spirit:format="long" spirit:resolve="user" spirit:id="PARAM_VALUE.C_S00_AXI_DATA_WIDTH" spirit:choiceRef="choice_list_6fc15197" spirit:order="3">32</spirit:value>
      <spirit:vendorExtensions>
        <xilinx:parameterInfo>
          <xilinx:enablement>
            <xilinx:isEnabled xilinx:id="PARAM_ENABLEMENT.C_S00_AXI_DATA_WIDTH">false</xilinx:isEnabled>
          </xilinx:enablement>
        </xilinx:parameterInfo>
      </spirit:vendorExtensions>
    </spirit:parameter>
    <spirit:parameter>
      <spirit:name>C_S00_AXI_ADDR_WIDTH</spirit:name>
      <spirit:displayName>C S00 AXI ADDR WIDTH</spirit:displayName>
      <spirit:description>Width of S_AXI address bus</spirit:description>
      <spirit:value spirit:format="long" spirit:resolve="user" spirit:id="PARAM_VALUE.C_S00_AXI_ADDR_WIDTH" spirit:order="4" spirit:rangeType="long">16</spirit:value>
      <spirit:vendorExtensions>
        <xilinx:parameterInfo>
          <xilinx:enablement>
            <xilinx:isEnabled xilinx:id="PARAM_ENABLEMENT.C_S00_AXI_ADDR_WIDTH">false</xilinx:isEnabled>
          </xilinx:enablement>
        </xilinx:parameterInfo>
      </spirit:vendorExtensions>
    </spirit:parameter>
    <spirit:parameter>
      <spirit:name>C_S00_AXI_BASEADDR</spirit:name>
      <spirit:displayName>C S00 AXI BASEADDR</spirit:displayName>
      <spirit:value spirit:format="bitString" spirit:resolve="user" spirit:id="PARAM_VALUE.C_S00_AXI_BASEADDR" spirit:order="5" spirit:bitStringLength="32">0xFFFFFFFF</spirit:value>
    </spirit:parameter>
    <spirit:parameter>
      <spirit:name>C_S00_AXI_HIGHADDR</spirit:name>
      <spirit:displayName>C S00 AXI HIGHADDR</spirit:displayName>
      <spirit:value spirit:format="bitString" spirit:resolve="user" spirit:id="PARAM_VALUE.C_S00_AXI_HIGHADDR" spirit:order="6" spirit:bitStringLength="32">0x00000000</spirit:value>
    </spirit:parameter>
    <spirit:parameter>
      <spirit:name>Component_Name</spirit:name>
      <spirit:value spirit:resolve="user" spirit:id="PARAM_VALUE.Component_Name" spirit:order="1">VGA_BRAM_v1_0</spirit:value>
    </spirit:parameter>
  </spirit:parameters>
  <spirit:vendorExtensions>
    <xilinx:coreExtensions>
      <xilinx:supportedFamilies>
        <xilinx:family xilinx:lifeCycle="Pre-Production">zynq</xilinx:family>
      </xilinx:supportedFamilies>
      <xilinx:taxonomies>
        <xilinx:taxonomy>AXI_Peripheral</xilinx:taxonomy>
      </xilinx:taxonomies>
      <xilinx:displayName>VGA_BRAM_v1.0</xilinx:displayName>
      <xilinx:coreRevision>22</xilinx:coreRevision>
      <xilinx:coreCreationDateTime>2023-04-11T21:05:02Z</xilinx:coreCreationDateTime>
      <xilinx:tags>
        <xilinx:tag xilinx:name="ui.data.coregen.dd@39012b41_ARCHIVE_LOCATION">/home/weaves/Music/TestVGA.2-1/ip_repo/VGA_BRAM_1.0</xilinx:tag>
        <xilinx:tag xilinx:name="ui.data.coregen.dd@347f2ad7_ARCHIVE_LOCATION">/home/weaves/Music/TestVGA.2-1/ip_repo/VGA_BRAM_1.0</xilinx:tag>
        <xilinx:tag xilinx:name="ui.data.coregen.dd@d8f0993_ARCHIVE_LOCATION">/home/weaves/Music/TestVGA.2-1/ip_repo/VGA_BRAM_1.0</xilinx:tag>
        <xilinx:tag xilinx:name="ui.data.coregen.dd@6f9f8b58_ARCHIVE_LOCATION">/home/weaves/Music/TestVGA.2-1/ip_repo/VGA_BRAM_1.0</xilinx:tag>
        <xilinx:tag xilinx:name="ui.data.coregen.dd@c488cc3_ARCHIVE_LOCATION">/home/weaves/Music/TestVGA.2-1/ip_repo/VGA_BRAM_1.0</xilinx:tag>
        <xilinx:tag xilinx:name="ui.data.coregen.dd@180d6015_ARCHIVE_LOCATION">/home/weaves/Music/TestVGA.2-1/ip_repo/VGA_BRAM_1.0</xilinx:tag>
        <xilinx:tag xilinx:name="ui.data.coregen.dd@12ffe6af_ARCHIVE_LOCATION">/home/weaves/Music/TestVGA.2-1/ip_repo/VGA_BRAM_1.0</xilinx:tag>
        <xilinx:tag xilinx:name="ui.data.coregen.dd@6ffe2bc0_ARCHIVE_LOCATION">/home/weaves/Music/TestVGA.2-1/ip_repo/VGA_BRAM_1.0</xilinx:tag>
        <xilinx:tag xilinx:name="ui.data.coregen.dd@7fa58eaa_ARCHIVE_LOCATION">/home/weaves/Music/TestVGA.2-1/ip_repo/VGA_BRAM_1.0</xilinx:tag>
        <xilinx:tag xilinx:name="ui.data.coregen.dd@52bd5031_ARCHIVE_LOCATION">/home/weaves/Music/TestVGA.2-1/ip_repo/VGA_BRAM_1.0</xilinx:tag>
        <xilinx:tag xilinx:name="ui.data.coregen.dd@76515149_ARCHIVE_LOCATION">/home/weaves/Music/TestVGA.2-1/ip_repo/VGA_BRAM_1.0</xilinx:tag>
        <xilinx:tag xilinx:name="ui.data.coregen.dd@18ddb4b7_ARCHIVE_LOCATION">/home/weaves/Music/TestVGA.2-1/ip_repo/VGA_BRAM_1.0</xilinx:tag>
        <xilinx:tag xilinx:name="ui.data.coregen.dd@11f33da_ARCHIVE_LOCATION">/home/weaves/Music/TestVGA.2-1/ip_repo/VGA_BRAM_1.0</xilinx:tag>
        <xilinx:tag xilinx:name="ui.data.coregen.dd@3bd2992f_ARCHIVE_LOCATION">/home/weaves/Music/TestVGA.2-1/ip_repo/VGA_BRAM_1.0</xilinx:tag>
        <xilinx:tag xilinx:name="ui.data.coregen.dd@431e2afa_ARCHIVE_LOCATION">/home/weaves/Music/TestVGA.2-1/ip_repo/VGA_BRAM_1.0</xilinx:tag>
        <xilinx:tag xilinx:name="ui.data.coregen.dd@3051ceac_ARCHIVE_LOCATION">/home/weaves/Music/TestVGA.2-1/ip_repo/VGA_BRAM_1.0</xilinx:tag>
        <xilinx:tag xilinx:name="ui.data.coregen.dd@6272d453_ARCHIVE_LOCATION">/home/weaves/Music/TestVGA.2-1/ip_repo/VGA_BRAM_1.0</xilinx:tag>
        <xilinx:tag xilinx:name="ui.data.coregen.dd@210c4eb3_ARCHIVE_LOCATION">/home/weaves/Music/TestVGA.2-1/ip_repo/VGA_BRAM_1.0</xilinx:tag>
        <xilinx:tag xilinx:name="ui.data.coregen.dd@60755a5_ARCHIVE_LOCATION">/home/weaves/Music/TestVGA.2-1/ip_repo/VGA_BRAM_1.0</xilinx:tag>
        <xilinx:tag xilinx:name="ui.data.coregen.dd@18606acb_ARCHIVE_LOCATION">/home/weaves/Music/TestVGA.2-1/ip_repo/VGA_BRAM_1.0</xilinx:tag>
        <xilinx:tag xilinx:name="ui.data.coregen.dd@3b0702a4_ARCHIVE_LOCATION">/home/weaves/Music/TestVGA.2-1/ip_repo/VGA_BRAM_1.0</xilinx:tag>
        <xilinx:tag xilinx:name="ui.data.coregen.dd@27c8811a_ARCHIVE_LOCATION">/home/weaves/Music/TestVGA.2-1/ip_repo/VGA_BRAM_1.0</xilinx:tag>
        <xilinx:tag xilinx:name="ui.data.coregen.dd@67a85259_ARCHIVE_LOCATION">/home/weaves/Music/TestVGA.2-1/ip_repo/VGA_BRAM_1.0</xilinx:tag>
        <xilinx:tag xilinx:name="ui.data.coregen.dd@140d0f5e_ARCHIVE_LOCATION">/home/weaves/Music/TestVGA.2-1/ip_repo/VGA_BRAM_1.0</xilinx:tag>
        <xilinx:tag xilinx:name="ui.data.coregen.dd@67e9da19_ARCHIVE_LOCATION">/home/weaves/Music/TestVGA.2-1/ip_repo/VGA_BRAM_1.0</xilinx:tag>
        <xilinx:tag xilinx:name="ui.data.coregen.dd@753f82a6_ARCHIVE_LOCATION">/home/weaves/Music/TestVGA.2-1/ip_repo/VGA_BRAM_1.0</xilinx:tag>
        <xilinx:tag xilinx:name="ui.data.coregen.dd@725294c8_ARCHIVE_LOCATION">/home/weaves/Music/TestVGA.2-1/ip_repo/VGA_BRAM_1.0</xilinx:tag>
        <xilinx:tag xilinx:name="ui.data.coregen.dd@73f862cd_ARCHIVE_LOCATION">/home/weaves/Music/TestVGA.2-1/ip_repo/VGA_BRAM_1.0</xilinx:tag>
        <xilinx:tag xilinx:name="ui.data.coregen.dd@48d9ed97_ARCHIVE_LOCATION">/home/weaves/Music/TestVGA.2-1/ip_repo/VGA_BRAM_1.0</xilinx:tag>
        <xilinx:tag xilinx:name="ui.data.coregen.dd@79ce683f_ARCHIVE_LOCATION">/home/weaves/Music/TestVGA.2-1/ip_repo/VGA_BRAM_1.0</xilinx:tag>
        <xilinx:tag xilinx:name="ui.data.coregen.dd@60ee3cce_ARCHIVE_LOCATION">/home/weaves/Music/TestVGA.2-1/ip_repo/VGA_BRAM_1.0</xilinx:tag>
        <xilinx:tag xilinx:name="ui.data.coregen.dd@50588539_ARCHIVE_LOCATION">/home/weaves/Music/TestVGA.2-1/ip_repo/VGA_BRAM_1.0</xilinx:tag>
        <xilinx:tag xilinx:name="ui.data.coregen.dd@31938c7f_ARCHIVE_LOCATION">/home/weaves/Music/TestVGA.2-1/ip_repo/VGA_BRAM_1.0</xilinx:tag>
        <xilinx:tag xilinx:name="ui.data.coregen.dd@4cd1873f_ARCHIVE_LOCATION">/home/weaves/Music/TestVGA.2-1/ip_repo/VGA_BRAM_1.0</xilinx:tag>
        <xilinx:tag xilinx:name="ui.data.coregen.dd@1f7c3e92_ARCHIVE_LOCATION">/home/weaves/Music/TestVGA.2-1/ip_repo/VGA_BRAM_1.0</xilinx:tag>
        <xilinx:tag xilinx:name="ui.data.coregen.dd@56877db7_ARCHIVE_LOCATION">/home/weaves/Music/TestVGA.2-1/ip_repo/VGA_BRAM_1.0</xilinx:tag>
        <xilinx:tag xilinx:name="ui.data.coregen.dd@44015725_ARCHIVE_LOCATION">/home/weaves/Music/TestVGA.2-1/ip_repo/VGA_BRAM_1.0</xilinx:tag>
        <xilinx:tag xilinx:name="ui.data.coregen.dd@68883ed3_ARCHIVE_LOCATION">/home/weaves/Music/TestVGA.2-1/ip_repo/VGA_BRAM_1.0</xilinx:tag>
        <xilinx:tag xilinx:name="ui.data.coregen.dd@2b8a4550_ARCHIVE_LOCATION">/home/weaves/Music/TestVGA.2-1/ip_repo/VGA_BRAM_1.0</xilinx:tag>
        <xilinx:tag xilinx:name="ui.data.coregen.dd@71c84ee_ARCHIVE_LOCATION">/home/weaves/Music/TestVGA.2-1/ip_repo/VGA_BRAM_1.0</xilinx:tag>
        <xilinx:tag xilinx:name="ui.data.coregen.dd@1e6b3e88_ARCHIVE_LOCATION">/home/weaves/Music/TestVGA.2-1/ip_repo/VGA_BRAM_1.0</xilinx:tag>
        <xilinx:tag xilinx:name="ui.data.coregen.dd@43fe2283_ARCHIVE_LOCATION">/home/weaves/Music/TestVGA.2-1/ip_repo/VGA_BRAM_1.0</xilinx:tag>
        <xilinx:tag xilinx:name="ui.data.coregen.dd@3be1859a_ARCHIVE_LOCATION">/home/weaves/Music/TestVGA.2-1/ip_repo/VGA_BRAM_1.0</xilinx:tag>
        <xilinx:tag xilinx:name="ui.data.coregen.dd@3c892d01_ARCHIVE_LOCATION">/home/weaves/Music/TestVGA.2-1/ip_repo/VGA_BRAM_1.0</xilinx:tag>
        <xilinx:tag xilinx:name="ui.data.coregen.dd@23372532_ARCHIVE_LOCATION">/home/weaves/Music/TestVGA.2-1/ip_repo/VGA_BRAM_1.0</xilinx:tag>
        <xilinx:tag xilinx:name="ui.data.coregen.dd@60420ae0_ARCHIVE_LOCATION">/home/weaves/Music/TestVGA.2-1/ip_repo/VGA_BRAM_1.0</xilinx:tag>
        <xilinx:tag xilinx:name="ui.data.coregen.dd@6afe9cce_ARCHIVE_LOCATION">/home/weaves/Music/TestVGA.2-1/ip_repo/VGA_BRAM_1.0</xilinx:tag>
        <xilinx:tag xilinx:name="ui.data.coregen.dd@1488c39f_ARCHIVE_LOCATION">/home/weaves/Music/TestVGA.2-1/ip_repo/VGA_BRAM_1.0</xilinx:tag>
        <xilinx:tag xilinx:name="ui.data.coregen.dd@1cd7d6db_ARCHIVE_LOCATION">/home/weaves/Music/TestVGA.2-1/ip_repo/VGA_BRAM_1.0</xilinx:tag>
        <xilinx:tag xilinx:name="ui.data.coregen.dd@1b1e9b25_ARCHIVE_LOCATION">/home/weaves/Music/TestVGA.2-1/ip_repo/VGA_BRAM_1.0</xilinx:tag>
        <xilinx:tag xilinx:name="ui.data.coregen.dd@11842c7c_ARCHIVE_LOCATION">/home/weaves/Music/TestVGA.2-1/ip_repo/VGA_BRAM_1.0</xilinx:tag>
        <xilinx:tag xilinx:name="ui.data.coregen.dd@53942e6d_ARCHIVE_LOCATION">/home/weaves/Music/TestVGA.2-1/ip_repo/VGA_BRAM_1.0</xilinx:tag>
        <xilinx:tag xilinx:name="ui.data.coregen.dd@1e247b72_ARCHIVE_LOCATION">/home/weaves/Music/TestVGA.2-1/ip_repo/VGA_BRAM_1.0</xilinx:tag>
        <xilinx:tag xilinx:name="ui.data.coregen.dd@42d3e60d_ARCHIVE_LOCATION">/home/weaves/Music/TestVGA.2-1/ip_repo/VGA_BRAM_1.0</xilinx:tag>
        <xilinx:tag xilinx:name="ui.data.coregen.dd@24da359b_ARCHIVE_LOCATION">/home/weaves/Music/TestVGA.2-1/ip_repo/VGA_BRAM_1.0</xilinx:tag>
        <xilinx:tag xilinx:name="ui.data.coregen.dd@424ddc76_ARCHIVE_LOCATION">/home/weaves/Music/TestVGA.2-1/ip_repo/VGA_BRAM_1.0</xilinx:tag>
        <xilinx:tag xilinx:name="ui.data.coregen.dd@37f4b22a_ARCHIVE_LOCATION">/home/weaves/Music/TestVGA.2-1/ip_repo/VGA_BRAM_1.0</xilinx:tag>
        <xilinx:tag xilinx:name="ui.data.coregen.dd@346b1c93_ARCHIVE_LOCATION">/home/weaves/Music/TestVGA.2-1/ip_repo/VGA_BRAM_1.0</xilinx:tag>
        <xilinx:tag xilinx:name="ui.data.coregen.dd@72b76e7f_ARCHIVE_LOCATION">/home/weaves/Music/TestVGA.2-1/ip_repo/VGA_BRAM_1.0</xilinx:tag>
        <xilinx:tag xilinx:name="ui.data.coregen.dd@2e796020_ARCHIVE_LOCATION">/home/weaves/Music/TestVGA.2-1/ip_repo/VGA_BRAM_1.0</xilinx:tag>
        <xilinx:tag xilinx:name="ui.data.coregen.dd@3fba7acd_ARCHIVE_LOCATION">/home/weaves/Music/TestVGA.2-1/ip_repo/VGA_BRAM_1.0</xilinx:tag>
        <xilinx:tag xilinx:name="ui.data.coregen.dd@46f7e4b9_ARCHIVE_LOCATION">/home/weaves/Music/TestVGA.2-1/ip_repo/VGA_BRAM_1.0</xilinx:tag>
        <xilinx:tag xilinx:name="ui.data.coregen.dd@24241668_ARCHIVE_LOCATION">/home/weaves/Music/TestVGA.2-1/ip_repo/VGA_BRAM_1.0</xilinx:tag>
        <xilinx:tag xilinx:name="ui.data.coregen.dd@20bac645_ARCHIVE_LOCATION">/home/weaves/Music/TestVGA.2-1/ip_repo/VGA_BRAM_1.0</xilinx:tag>
        <xilinx:tag xilinx:name="ui.data.coregen.dd@4687b358_ARCHIVE_LOCATION">/home/weaves/Music/TestVGA.2-1/ip_repo/VGA_BRAM_1.0</xilinx:tag>
        <xilinx:tag xilinx:name="ui.data.coregen.dd@4aa694c_ARCHIVE_LOCATION">/home/weaves/Music/TestVGA.2-1/ip_repo/VGA_BRAM_1.0</xilinx:tag>
        <xilinx:tag xilinx:name="ui.data.coregen.dd@5bc3422b_ARCHIVE_LOCATION">/home/weaves/Music/TestVGA.2-1/ip_repo/VGA_BRAM_1.0</xilinx:tag>
        <xilinx:tag xilinx:name="ui.data.coregen.dd@f6635ab_ARCHIVE_LOCATION">/home/weaves/Music/TestVGA.2-1/ip_repo/VGA_BRAM_1.0</xilinx:tag>
        <xilinx:tag xilinx:name="ui.data.coregen.dd@19e84897_ARCHIVE_LOCATION">/home/weaves/Music/TestVGA.2-1/ip_repo/VGA_BRAM_1.0</xilinx:tag>
        <xilinx:tag xilinx:name="ui.data.coregen.dd@2a63c1b2_ARCHIVE_LOCATION">/home/weaves/Music/TestVGA.2-1/ip_repo/VGA_BRAM_1.0</xilinx:tag>
        <xilinx:tag xilinx:name="ui.data.coregen.dd@12c8e882_ARCHIVE_LOCATION">/home/weaves/Music/TestVGA.2-1/ip_repo/VGA_BRAM_1.0</xilinx:tag>
        <xilinx:tag xilinx:name="ui.data.coregen.dd@863137b_ARCHIVE_LOCATION">/home/weaves/Music/TestVGA.2-1/ip_repo/VGA_BRAM_1.0</xilinx:tag>
        <xilinx:tag xilinx:name="ui.data.coregen.dd@2de068c5_ARCHIVE_LOCATION">/home/weaves/Music/TestVGA.2-1/ip_repo/VGA_BRAM_1.0</xilinx:tag>
        <xilinx:tag xilinx:name="ui.data.coregen.dd@4ad8a4fc_ARCHIVE_LOCATION">/home/weaves/Music/TestVGA.2-1/ip_repo/VGA_BRAM_1.0</xilinx:tag>
        <xilinx:tag xilinx:name="ui.data.coregen.dd@20c265b7_ARCHIVE_LOCATION">/home/weaves/Music/TestVGA.2-1/ip_repo/VGA_BRAM_1.0</xilinx:tag>
        <xilinx:tag xilinx:name="ui.data.coregen.dd@12b21ace_ARCHIVE_LOCATION">/home/weaves/Music/TestVGA.2-1/ip_repo/VGA_BRAM_1.0</xilinx:tag>
        <xilinx:tag xilinx:name="ui.data.coregen.dd@1ab0b302_ARCHIVE_LOCATION">/home/weaves/Music/TestVGA.2-1/ip_repo/VGA_BRAM_1.0</xilinx:tag>
        <xilinx:tag xilinx:name="ui.data.coregen.dd@6da4a183_ARCHIVE_LOCATION">/home/weaves/Music/TestVGA.2-1/ip_repo/VGA_BRAM_1.0</xilinx:tag>
        <xilinx:tag xilinx:name="ui.data.coregen.dd@221a7f9e_ARCHIVE_LOCATION">/home/weaves/Music/TestVGA.2-1/ip_repo/VGA_BRAM_1.0</xilinx:tag>
        <xilinx:tag xilinx:name="ui.data.coregen.dd@5b6f3ef1_ARCHIVE_LOCATION">/home/weaves/Music/TestVGA.2-1/ip_repo/VGA_BRAM_1.0</xilinx:tag>
        <xilinx:tag xilinx:name="ui.data.coregen.dd@26989a7a_ARCHIVE_LOCATION">/home/weaves/Music/TestVGA.2-1/ip_repo/VGA_BRAM_1.0</xilinx:tag>
        <xilinx:tag xilinx:name="ui.data.coregen.dd@60176572_ARCHIVE_LOCATION">/home/weaves/Music/TestVGA.2-1/ip_repo/VGA_BRAM_1.0</xilinx:tag>
        <xilinx:tag xilinx:name="ui.data.coregen.dd@171df5b2_ARCHIVE_LOCATION">/home/weaves/Music/TestVGA.2-1/ip_repo/VGA_BRAM_1.0</xilinx:tag>
        <xilinx:tag xilinx:name="ui.data.coregen.dd@4e2903c1_ARCHIVE_LOCATION">/home/weaves/Music/TestVGA.2-1/ip_repo/VGA_BRAM_1.0</xilinx:tag>
        <xilinx:tag xilinx:name="ui.data.coregen.dd@52e1c0b3_ARCHIVE_LOCATION">/home/weaves/Music/TestVGA.2-1/ip_repo/VGA_BRAM_1.0</xilinx:tag>
        <xilinx:tag xilinx:name="ui.data.coregen.dd@3c594c94_ARCHIVE_LOCATION">/home/weaves/Music/TestVGA.2-1/ip_repo/VGA_BRAM_1.0</xilinx:tag>
        <xilinx:tag xilinx:name="ui.data.coregen.dd@5f509918_ARCHIVE_LOCATION">/home/weaves/Music/TestVGA.2-1/ip_repo/VGA_BRAM_1.0</xilinx:tag>
        <xilinx:tag xilinx:name="ui.data.coregen.dd@4a1b1020_ARCHIVE_LOCATION">/home/weaves/Music/TestVGA.2-1/ip_repo/VGA_BRAM_1.0</xilinx:tag>
        <xilinx:tag xilinx:name="ui.data.coregen.dd@4006bf4f_ARCHIVE_LOCATION">/home/weaves/Music/TestVGA.2-1/ip_repo/VGA_BRAM_1.0</xilinx:tag>
        <xilinx:tag xilinx:name="ui.data.coregen.dd@5dacd344_ARCHIVE_LOCATION">/home/weaves/Music/TestVGA.2-1/ip_repo/VGA_BRAM_1.0</xilinx:tag>
        <xilinx:tag xilinx:name="ui.data.coregen.dd@7f37c0dc_ARCHIVE_LOCATION">/home/weaves/Music/TestVGA.2-1/ip_repo/VGA_BRAM_1.0</xilinx:tag>
        <xilinx:tag xilinx:name="ui.data.coregen.dd@4714a2ec_ARCHIVE_LOCATION">/home/weaves/Music/TestVGA.2-1/ip_repo/VGA_BRAM_1.0</xilinx:tag>
        <xilinx:tag xilinx:name="ui.data.coregen.dd@757b8fba_ARCHIVE_LOCATION">/home/weaves/Music/TestVGA.2-1/ip_repo/VGA_BRAM_1.0</xilinx:tag>
        <xilinx:tag xilinx:name="ui.data.coregen.dd@60e17fdf_ARCHIVE_LOCATION">/home/weaves/Music/TestVGA.2-1/ip_repo/VGA_BRAM_1.0</xilinx:tag>
        <xilinx:tag xilinx:name="ui.data.coregen.dd@2dd42629_ARCHIVE_LOCATION">/home/weaves/Music/TestVGA.2-1/ip_repo/VGA_BRAM_1.0</xilinx:tag>
        <xilinx:tag xilinx:name="ui.data.coregen.dd@2ae866b0_ARCHIVE_LOCATION">/home/weaves/Music/TestVGA.2-1/ip_repo/VGA_BRAM_1.0</xilinx:tag>
        <xilinx:tag xilinx:name="ui.data.coregen.dd@3e64b9d8_ARCHIVE_LOCATION">/home/weaves/Music/TestVGA.2-1/ip_repo/VGA_BRAM_1.0</xilinx:tag>
        <xilinx:tag xilinx:name="ui.data.coregen.dd@2fd1187a_ARCHIVE_LOCATION">/home/weaves/Music/TestVGA.2-1/ip_repo/VGA_BRAM_1.0</xilinx:tag>
        <xilinx:tag xilinx:name="ui.data.coregen.dd@57a5340d_ARCHIVE_LOCATION">/home/weaves/Music/TestVGA.2-1/ip_repo/VGA_BRAM_1.0</xilinx:tag>
        <xilinx:tag xilinx:name="ui.data.coregen.dd@1c96027_ARCHIVE_LOCATION">/home/weaves/Music/TestVGA.2-1/ip_repo/VGA_BRAM_1.0</xilinx:tag>
        <xilinx:tag xilinx:name="ui.data.coregen.dd@7bc5aff8_ARCHIVE_LOCATION">/home/weaves/Music/TestVGA.2-1/ip_repo/VGA_BRAM_1.0</xilinx:tag>
        <xilinx:tag xilinx:name="ui.data.coregen.dd@3aefc0e3_ARCHIVE_LOCATION">/home/weaves/Music/TestVGA.2-1/ip_repo/VGA_BRAM_1.0</xilinx:tag>
        <xilinx:tag xilinx:name="ui.data.coregen.dd@71c08988_ARCHIVE_LOCATION">/home/weaves/Music/TestVGA.2-1/ip_repo/VGA_BRAM_1.0</xilinx:tag>
        <xilinx:tag xilinx:name="ui.data.coregen.dd@605c13ed_ARCHIVE_LOCATION">/home/weaves/Music/TestVGA.2-1/ip_repo/VGA_BRAM_1.0</xilinx:tag>
        <xilinx:tag xilinx:name="ui.data.coregen.dd@40e10bcf_ARCHIVE_LOCATION">/home/weaves/Music/TestVGA.2-1/ip_repo/VGA_BRAM_1.0</xilinx:tag>
        <xilinx:tag xilinx:name="ui.data.coregen.dd@6d51f12c_ARCHIVE_LOCATION">/home/weaves/Music/TestVGA.2-1/ip_repo/VGA_BRAM_1.0</xilinx:tag>
        <xilinx:tag xilinx:name="ui.data.coregen.dd@1fe1fb43_ARCHIVE_LOCATION">/home/weaves/Music/TestVGA.2-1/ip_repo/VGA_BRAM_1.0</xilinx:tag>
        <xilinx:tag xilinx:name="ui.data.coregen.dd@75681bca_ARCHIVE_LOCATION">/home/weaves/Music/TestVGA.2-1/ip_repo/VGA_BRAM_1.0</xilinx:tag>
        <xilinx:tag xilinx:name="ui.data.coregen.dd@280581e9_ARCHIVE_LOCATION">/home/weaves/Music/TestVGA.2-1/ip_repo/VGA_BRAM_1.0</xilinx:tag>
        <xilinx:tag xilinx:name="ui.data.coregen.dd@e744c64_ARCHIVE_LOCATION">/home/weaves/Music/TestVGA.2-1/ip_repo/VGA_BRAM_1.0</xilinx:tag>
        <xilinx:tag xilinx:name="ui.data.coregen.dd@63ad9663_ARCHIVE_LOCATION">/home/weaves/Music/TestVGA.2-1/ip_repo/VGA_BRAM_1.0</xilinx:tag>
        <xilinx:tag xilinx:name="ui.data.coregen.dd@6488448e_ARCHIVE_LOCATION">/home/weaves/Music/TestVGA.2-1/ip_repo/VGA_BRAM_1.0</xilinx:tag>
        <xilinx:tag xilinx:name="ui.data.coregen.dd@b60f485_ARCHIVE_LOCATION">/home/weaves/Music/TestVGA.2-1/ip_repo/VGA_BRAM_1.0</xilinx:tag>
        <xilinx:tag xilinx:name="ui.data.coregen.dd@115e85aa_ARCHIVE_LOCATION">/home/weaves/Music/TestVGA.2-1/ip_repo/VGA_BRAM_1.0</xilinx:tag>
        <xilinx:tag xilinx:name="ui.data.coregen.dd@3bb5f0ac_ARCHIVE_LOCATION">/home/weaves/Music/TestVGA.2-1/ip_repo/VGA_BRAM_1.0</xilinx:tag>
        <xilinx:tag xilinx:name="ui.data.coregen.dd@3eab05b8_ARCHIVE_LOCATION">/home/weaves/Music/TestVGA.2-1/ip_repo/VGA_BRAM_1.0</xilinx:tag>
        <xilinx:tag xilinx:name="ui.data.coregen.dd@4a941dc2_ARCHIVE_LOCATION">/home/weaves/Music/TestVGA.2-1/ip_repo/VGA_BRAM_1.0</xilinx:tag>
        <xilinx:tag xilinx:name="ui.data.coregen.dd@e97e21_ARCHIVE_LOCATION">/home/weaves/Music/TestVGA.2-1/ip_repo/VGA_BRAM_1.0</xilinx:tag>
        <xilinx:tag xilinx:name="ui.data.coregen.dd@2ca96556_ARCHIVE_LOCATION">/home/weaves/Music/TestVGA.2-1/ip_repo/VGA_BRAM_1.0</xilinx:tag>
        <xilinx:tag xilinx:name="ui.data.coregen.dd@28c15368_ARCHIVE_LOCATION">/home/weaves/Music/TestVGA.2-1/ip_repo/VGA_BRAM_1.0</xilinx:tag>
        <xilinx:tag xilinx:name="ui.data.coregen.dd@75f61292_ARCHIVE_LOCATION">/home/weaves/Music/TestVGA.2-1/ip_repo/VGA_BRAM_1.0</xilinx:tag>
        <xilinx:tag xilinx:name="ui.data.coregen.dd@428074bf_ARCHIVE_LOCATION">/home/weaves/Music/TestVGA.2-1/ip_repo/VGA_BRAM_1.0</xilinx:tag>
        <xilinx:tag xilinx:name="ui.data.coregen.dd@203d49e3_ARCHIVE_LOCATION">/home/weaves/Music/TestVGA.2-1/ip_repo/VGA_BRAM_1.0</xilinx:tag>
        <xilinx:tag xilinx:name="ui.data.coregen.dd@408fe73b_ARCHIVE_LOCATION">/home/weaves/Music/TestVGA.2-1/ip_repo/VGA_BRAM_1.0</xilinx:tag>
        <xilinx:tag xilinx:name="ui.data.coregen.dd@166134d6_ARCHIVE_LOCATION">/home/weaves/Music/TestVGA.2-1/ip_repo/VGA_BRAM_1.0</xilinx:tag>
        <xilinx:tag xilinx:name="ui.data.coregen.dd@ae8d554_ARCHIVE_LOCATION">/home/weaves/Music/TestVGA.2-1/ip_repo/VGA_BRAM_1.0</xilinx:tag>
        <xilinx:tag xilinx:name="ui.data.coregen.dd@27ce5a9_ARCHIVE_LOCATION">/home/weaves/Music/TestVGA.2-1/ip_repo/VGA_BRAM_1.0</xilinx:tag>
        <xilinx:tag xilinx:name="ui.data.coregen.dd@45e0ca03_ARCHIVE_LOCATION">/home/weaves/Music/TestVGA.2-1/ip_repo/VGA_BRAM_1.0</xilinx:tag>
        <xilinx:tag xilinx:name="ui.data.coregen.dd@7606763e_ARCHIVE_LOCATION">/home/weaves/Music/TestVGA.2-1/ip_repo/VGA_BRAM_1.0</xilinx:tag>
        <xilinx:tag xilinx:name="ui.data.coregen.dd@c081228_ARCHIVE_LOCATION">/home/weaves/Music/TestVGA.2-1/ip_repo/VGA_BRAM_1.0</xilinx:tag>
        <xilinx:tag xilinx:name="ui.data.coregen.dd@fcc9670_ARCHIVE_LOCATION">/home/weaves/Music/TestVGA.2-1/ip_repo/VGA_BRAM_1.0</xilinx:tag>
        <xilinx:tag xilinx:name="ui.data.coregen.dd@71c23132_ARCHIVE_LOCATION">/home/weaves/Music/TestVGA.2-1/ip_repo/VGA_BRAM_1.0</xilinx:tag>
        <xilinx:tag xilinx:name="ui.data.coregen.dd@3b2978fe_ARCHIVE_LOCATION">/home/weaves/Music/TestVGA.2-1/ip_repo/VGA_BRAM_1.0</xilinx:tag>
        <xilinx:tag xilinx:name="ui.data.coregen.dd@5449639c_ARCHIVE_LOCATION">/home/weaves/Music/TestVGA.2-1/ip_repo/VGA_BRAM_1.0</xilinx:tag>
        <xilinx:tag xilinx:name="ui.data.coregen.dd@3ac2394_ARCHIVE_LOCATION">/home/weaves/Music/TestVGA.2-1/ip_repo/VGA_BRAM_1.0</xilinx:tag>
        <xilinx:tag xilinx:name="ui.data.coregen.dd@63bef7a0_ARCHIVE_LOCATION">/home/weaves/Music/TestVGA.2-1/ip_repo/VGA_BRAM_1.0</xilinx:tag>
        <xilinx:tag xilinx:name="ui.data.coregen.dd@448339e2_ARCHIVE_LOCATION">/home/weaves/Music/TestVGA.2-1/ip_repo/VGA_BRAM_1.0</xilinx:tag>
        <xilinx:tag xilinx:name="ui.data.coregen.dd@f7330c5_ARCHIVE_LOCATION">/home/weaves/Music/TestVGA.2-1/ip_repo/VGA_BRAM_1.0</xilinx:tag>
        <xilinx:tag xilinx:name="ui.data.coregen.dd@7453bb27_ARCHIVE_LOCATION">/home/weaves/Music/TestVGA.2-1/ip_repo/VGA_BRAM_1.0</xilinx:tag>
        <xilinx:tag xilinx:name="ui.data.coregen.dd@47dd9d97_ARCHIVE_LOCATION">/home/weaves/Music/TestVGA.2-1/ip_repo/VGA_BRAM_1.0</xilinx:tag>
        <xilinx:tag xilinx:name="ui.data.coregen.dd@3f6d613_ARCHIVE_LOCATION">/home/weaves/Music/TestVGA.2-1/ip_repo/VGA_BRAM_1.0</xilinx:tag>
        <xilinx:tag xilinx:name="ui.data.coregen.dd@449a61ae_ARCHIVE_LOCATION">/home/weaves/Music/TestVGA.2-1/ip_repo/VGA_BRAM_1.0</xilinx:tag>
        <xilinx:tag xilinx:name="ui.data.coregen.dd@43329af2_ARCHIVE_LOCATION">/home/weaves/Music/TestVGA.2-1/ip_repo/VGA_BRAM_1.0</xilinx:tag>
        <xilinx:tag xilinx:name="ui.data.coregen.dd@75b154e1_ARCHIVE_LOCATION">/home/weaves/Music/TestVGA.2-1/ip_repo/VGA_BRAM_1.0</xilinx:tag>
        <xilinx:tag xilinx:name="ui.data.coregen.dd@421c53d4_ARCHIVE_LOCATION">/home/weaves/Music/TestVGA.2-1/ip_repo/VGA_BRAM_1.0</xilinx:tag>
        <xilinx:tag xilinx:name="ui.data.coregen.dd@7f5015a7_ARCHIVE_LOCATION">/home/weaves/Music/TestVGA.2-1/ip_repo/VGA_BRAM_1.0</xilinx:tag>
        <xilinx:tag xilinx:name="ui.data.coregen.dd@3e4c981b_ARCHIVE_LOCATION">/home/weaves/Music/TestVGA.2-1/ip_repo/VGA_BRAM_1.0</xilinx:tag>
        <xilinx:tag xilinx:name="ui.data.coregen.dd@70db7fa9_ARCHIVE_LOCATION">/home/weaves/Music/TestVGA.2-1/ip_repo/VGA_BRAM_1.0</xilinx:tag>
        <xilinx:tag xilinx:name="ui.data.coregen.dd@27a5125d_ARCHIVE_LOCATION">/home/weaves/Music/TestVGA.2-1/ip_repo/VGA_BRAM_1.0</xilinx:tag>
        <xilinx:tag xilinx:name="ui.data.coregen.dd@7bda26ae_ARCHIVE_LOCATION">/home/weaves/Music/TestVGA.2-1/ip_repo/VGA_BRAM_1.0</xilinx:tag>
        <xilinx:tag xilinx:name="ui.data.coregen.dd@62370dc4_ARCHIVE_LOCATION">/home/weaves/Music/TestVGA.2-1/ip_repo/VGA_BRAM_1.0</xilinx:tag>
        <xilinx:tag xilinx:name="ui.data.coregen.dd@41433e2e_ARCHIVE_LOCATION">/home/weaves/Music/TestVGA.2-1/ip_repo/VGA_BRAM_1.0</xilinx:tag>
        <xilinx:tag xilinx:name="ui.data.coregen.dd@47d0b7d7_ARCHIVE_LOCATION">/home/weaves/Music/TestVGA.2-1/ip_repo/VGA_BRAM_1.0</xilinx:tag>
        <xilinx:tag xilinx:name="ui.data.coregen.dd@5814cbed_ARCHIVE_LOCATION">/home/weaves/Music/TestVGA.2-1/ip_repo/VGA_BRAM_1.0</xilinx:tag>
        <xilinx:tag xilinx:name="ui.data.coregen.dd@770a6935_ARCHIVE_LOCATION">/home/weaves/Music/TestVGA.2-1/ip_repo/VGA_BRAM_1.0</xilinx:tag>
        <xilinx:tag xilinx:name="ui.data.coregen.dd@3f016caa_ARCHIVE_LOCATION">/home/weaves/Music/TestVGA.2-1/ip_repo/VGA_BRAM_1.0</xilinx:tag>
        <xilinx:tag xilinx:name="ui.data.coregen.dd@6221f77a_ARCHIVE_LOCATION">/home/weaves/Music/TestVGA.2-1/ip_repo/VGA_BRAM_1.0</xilinx:tag>
        <xilinx:tag xilinx:name="ui.data.coregen.dd@5290377e_ARCHIVE_LOCATION">/home/weaves/Music/TestVGA.2-1/ip_repo/VGA_BRAM_1.0</xilinx:tag>
        <xilinx:tag xilinx:name="ui.data.coregen.dd@2b234d78_ARCHIVE_LOCATION">/home/weaves/Music/TestVGA.2-1/ip_repo/VGA_BRAM_1.0</xilinx:tag>
        <xilinx:tag xilinx:name="ui.data.coregen.dd@33ce3b07_ARCHIVE_LOCATION">/home/weaves/Music/TestVGA.2-1/ip_repo/VGA_BRAM_1.0</xilinx:tag>
        <xilinx:tag xilinx:name="ui.data.coregen.dd@27bab3eb_ARCHIVE_LOCATION">/home/weaves/Music/TestVGA.2-1/ip_repo/VGA_BRAM_1.0</xilinx:tag>
        <xilinx:tag xilinx:name="ui.data.coregen.dd@26de4b69_ARCHIVE_LOCATION">/home/weaves/Music/TestVGA.2-1/ip_repo/VGA_BRAM_1.0</xilinx:tag>
        <xilinx:tag xilinx:name="ui.data.coregen.dd@ab3ad07_ARCHIVE_LOCATION">/home/weaves/Music/TestVGA.2-1/ip_repo/VGA_BRAM_1.0</xilinx:tag>
        <xilinx:tag xilinx:name="ui.data.coregen.dd@2207ea48_ARCHIVE_LOCATION">/home/weaves/Music/TestVGA.2-1/ip_repo/VGA_BRAM_1.0</xilinx:tag>
        <xilinx:tag xilinx:name="ui.data.coregen.dd@1b9139df_ARCHIVE_LOCATION">/home/weaves/Music/TestVGA.2-1/ip_repo/VGA_BRAM_1.0</xilinx:tag>
        <xilinx:tag xilinx:name="ui.data.coregen.dd@511fd329_ARCHIVE_LOCATION">/home/weaves/Music/TestVGA.2-1/ip_repo/VGA_BRAM_1.0</xilinx:tag>
        <xilinx:tag xilinx:name="ui.data.coregen.dd@5bb2f99c_ARCHIVE_LOCATION">/home/weaves/Music/TestVGA.2-1/ip_repo/VGA_BRAM_1.0</xilinx:tag>
        <xilinx:tag xilinx:name="ui.data.coregen.dd@50005df9_ARCHIVE_LOCATION">/home/weaves/Music/TestVGA.2-1/ip_repo/VGA_BRAM_1.0</xilinx:tag>
        <xilinx:tag xilinx:name="ui.data.coregen.dd@1b385275_ARCHIVE_LOCATION">/home/weaves/Music/TestVGA.2-1/ip_repo/VGA_BRAM_1.0</xilinx:tag>
        <xilinx:tag xilinx:name="ui.data.coregen.dd@29af8c3_ARCHIVE_LOCATION">/home/weaves/Music/TestVGA.2-1/ip_repo/VGA_BRAM_1.0</xilinx:tag>
        <xilinx:tag xilinx:name="ui.data.coregen.dd@1baf0fe4_ARCHIVE_LOCATION">/home/weaves/Music/TestVGA.2-1/ip_repo/VGA_BRAM_1.0</xilinx:tag>
        <xilinx:tag xilinx:name="ui.data.coregen.dd@218d8605_ARCHIVE_LOCATION">/home/weaves/Music/TestVGA.2-1/ip_repo/VGA_BRAM_1.0</xilinx:tag>
        <xilinx:tag xilinx:name="ui.data.coregen.dd@7440f248_ARCHIVE_LOCATION">/home/weaves/Music/TestVGA.2-1/ip_repo/VGA_BRAM_1.0</xilinx:tag>
        <xilinx:tag xilinx:name="ui.data.coregen.dd@46b11c1f_ARCHIVE_LOCATION">/home/weaves/Music/TestVGA.2-1/ip_repo/VGA_BRAM_1.0</xilinx:tag>
        <xilinx:tag xilinx:name="ui.data.coregen.dd@4d8de396_ARCHIVE_LOCATION">/home/weaves/Music/TestVGA.2-1/ip_repo/VGA_BRAM_1.0</xilinx:tag>
        <xilinx:tag xilinx:name="ui.data.coregen.dd@4787ee0d_ARCHIVE_LOCATION">/home/weaves/Music/TestVGA.2-1/ip_repo/VGA_BRAM_1.0</xilinx:tag>
        <xilinx:tag xilinx:name="ui.data.coregen.dd@f4a488d_ARCHIVE_LOCATION">/home/weaves/Music/TestVGA.2-1/ip_repo/VGA_BRAM_1.0</xilinx:tag>
        <xilinx:tag xilinx:name="ui.data.coregen.dd@3e15011a_ARCHIVE_LOCATION">/home/weaves/Music/TestVGA.2-1/ip_repo/VGA_BRAM_1.0</xilinx:tag>
        <xilinx:tag xilinx:name="ui.data.coregen.dd@4cd00393_ARCHIVE_LOCATION">/home/weaves/Music/TestVGA.2-1/ip_repo/VGA_BRAM_1.0</xilinx:tag>
        <xilinx:tag xilinx:name="ui.data.coregen.dd@37445d18_ARCHIVE_LOCATION">/home/weaves/Music/TestVGA.2-1/ip_repo/VGA_BRAM_1.0</xilinx:tag>
        <xilinx:tag xilinx:name="ui.data.coregen.dd@3290d6ab_ARCHIVE_LOCATION">/home/weaves/Music/TestVGA.2-1/ip_repo/VGA_BRAM_1.0</xilinx:tag>
        <xilinx:tag xilinx:name="ui.data.coregen.dd@628d9e3_ARCHIVE_LOCATION">/home/weaves/Music/TestVGA.2-1/ip_repo/VGA_BRAM_1.0</xilinx:tag>
        <xilinx:tag xilinx:name="ui.data.coregen.dd@55324033_ARCHIVE_LOCATION">/home/weaves/Music/TestVGA.2-1/ip_repo/VGA_BRAM_1.0</xilinx:tag>
        <xilinx:tag xilinx:name="ui.data.coregen.dd@5c96f1c_ARCHIVE_LOCATION">/home/weaves/Music/TestVGA.2-1/ip_repo/VGA_BRAM_1.0</xilinx:tag>
        <xilinx:tag xilinx:name="ui.data.coregen.dd@69555246_ARCHIVE_LOCATION">/home/weaves/Music/TestVGA.2-1/ip_repo/VGA_BRAM_1.0</xilinx:tag>
        <xilinx:tag xilinx:name="ui.data.coregen.dd@637217a1_ARCHIVE_LOCATION">/home/weaves/Music/TestVGA.2-1/ip_repo/VGA_BRAM_1.0</xilinx:tag>
        <xilinx:tag xilinx:name="ui.data.coregen.dd@22aab76_ARCHIVE_LOCATION">/home/weaves/Music/TestVGA.2-1/ip_repo/VGA_BRAM_1.0</xilinx:tag>
        <xilinx:tag xilinx:name="ui.data.coregen.dd@5458d7c5_ARCHIVE_LOCATION">/home/weaves/Music/TestVGA.2-1/ip_repo/VGA_BRAM_1.0</xilinx:tag>
        <xilinx:tag xilinx:name="ui.data.coregen.dd@6a5f508_ARCHIVE_LOCATION">/home/weaves/Music/TestVGA.2-1/ip_repo/VGA_BRAM_1.0</xilinx:tag>
        <xilinx:tag xilinx:name="ui.data.coregen.dd@1c878ff7_ARCHIVE_LOCATION">/home/weaves/Music/TestVGA.2-1/ip_repo/VGA_BRAM_1.0</xilinx:tag>
        <xilinx:tag xilinx:name="ui.data.coregen.dd@4fb037ac_ARCHIVE_LOCATION">/home/weaves/Music/TestVGA.2-1/ip_repo/VGA_BRAM_1.0</xilinx:tag>
        <xilinx:tag xilinx:name="ui.data.coregen.dd@5a7f2449_ARCHIVE_LOCATION">/home/weaves/Music/TestVGA.2-1/ip_repo/VGA_BRAM_1.0</xilinx:tag>
        <xilinx:tag xilinx:name="ui.data.coregen.dd@4e8f8f25_ARCHIVE_LOCATION">/home/weaves/Music/TestVGA.2-1/ip_repo/VGA_BRAM_1.0</xilinx:tag>
        <xilinx:tag xilinx:name="ui.data.coregen.dd@36d052bf_ARCHIVE_LOCATION">/home/weaves/Music/TestVGA.2-1/ip_repo/VGA_BRAM_1.0</xilinx:tag>
        <xilinx:tag xilinx:name="ui.data.coregen.dd@44a2953_ARCHIVE_LOCATION">/home/weaves/Music/TestVGA.2-1/ip_repo/VGA_BRAM_1.0</xilinx:tag>
        <xilinx:tag xilinx:name="ui.data.coregen.dd@7fd8036_ARCHIVE_LOCATION">/home/weaves/Music/TestVGA.2-1/ip_repo/VGA_BRAM_1.0</xilinx:tag>
        <xilinx:tag xilinx:name="ui.data.coregen.dd@1e5b6fe9_ARCHIVE_LOCATION">/home/weaves/Music/TestVGA.2-1/ip_repo/VGA_BRAM_1.0</xilinx:tag>
        <xilinx:tag xilinx:name="ui.data.coregen.dd@1bf8acec_ARCHIVE_LOCATION">/home/weaves/Music/TestVGA.2-1/ip_repo/VGA_BRAM_1.0</xilinx:tag>
        <xilinx:tag xilinx:name="ui.data.coregen.dd@2e3216b3_ARCHIVE_LOCATION">/home/weaves/Music/TestVGA.2-1/ip_repo/VGA_BRAM_1.0</xilinx:tag>
        <xilinx:tag xilinx:name="ui.data.coregen.dd@57f1824f_ARCHIVE_LOCATION">/home/weaves/Music/TestVGA.2-1/ip_repo/VGA_BRAM_1.0</xilinx:tag>
        <xilinx:tag xilinx:name="ui.data.coregen.dd@4abb08c6_ARCHIVE_LOCATION">/home/weaves/Music/TestVGA.2-1/ip_repo/VGA_BRAM_1.0</xilinx:tag>
        <xilinx:tag xilinx:name="ui.data.coregen.dd@5004419a_ARCHIVE_LOCATION">/home/weaves/Music/TestVGA.2-1/ip_repo/VGA_BRAM_1.0</xilinx:tag>
        <xilinx:tag xilinx:name="ui.data.coregen.dd@6db99bab_ARCHIVE_LOCATION">/home/weaves/Music/TestVGA.2-1/ip_repo/VGA_BRAM_1.0</xilinx:tag>
        <xilinx:tag xilinx:name="ui.data.coregen.dd@71e64590_ARCHIVE_LOCATION">/home/weaves/Music/TestVGA.2-1/ip_repo/VGA_BRAM_1.0</xilinx:tag>
        <xilinx:tag xilinx:name="ui.data.coregen.dd@3ccc3036_ARCHIVE_LOCATION">/home/weaves/Music/TestVGA.2-1/ip_repo/VGA_BRAM_1.0</xilinx:tag>
        <xilinx:tag xilinx:name="ui.data.coregen.dd@280e9c83_ARCHIVE_LOCATION">/home/weaves/Music/TestVGA.2-1/ip_repo/VGA_BRAM_1.0</xilinx:tag>
        <xilinx:tag xilinx:name="ui.data.coregen.dd@1f9345ac_ARCHIVE_LOCATION">/home/weaves/Music/TestVGA.2-1/ip_repo/VGA_BRAM_1.0</xilinx:tag>
        <xilinx:tag xilinx:name="ui.data.coregen.dd@43814986_ARCHIVE_LOCATION">/home/weaves/Music/TestVGA.2-1/ip_repo/VGA_BRAM_1.0</xilinx:tag>
        <xilinx:tag xilinx:name="ui.data.coregen.dd@e2b722d_ARCHIVE_LOCATION">/home/weaves/Music/TestVGA.2-1/ip_repo/VGA_BRAM_1.0</xilinx:tag>
        <xilinx:tag xilinx:name="ui.data.coregen.dd@3a2d2cf9_ARCHIVE_LOCATION">/home/weaves/Music/TestVGA.2-1/ip_repo/VGA_BRAM_1.0</xilinx:tag>
        <xilinx:tag xilinx:name="ui.data.coregen.dd@4ba90a59_ARCHIVE_LOCATION">/home/weaves/Music/TestVGA.2-1/ip_repo/VGA_BRAM_1.0</xilinx:tag>
        <xilinx:tag xilinx:name="ui.data.coregen.dd@17fe6270_ARCHIVE_LOCATION">/home/weaves/Music/TestVGA.2-1/ip_repo/VGA_BRAM_1.0</xilinx:tag>
        <xilinx:tag xilinx:name="ui.data.coregen.dd@75405c66_ARCHIVE_LOCATION">/home/weaves/Music/TestVGA.2-1/ip_repo/VGA_BRAM_1.0</xilinx:tag>
        <xilinx:tag xilinx:name="ui.data.coregen.dd@609d0ea4_ARCHIVE_LOCATION">/home/weaves/Music/TestVGA.2-1/ip_repo/VGA_BRAM_1.0</xilinx:tag>
        <xilinx:tag xilinx:name="ui.data.coregen.dd@4f292e35_ARCHIVE_LOCATION">/home/weaves/Music/TestVGA.2-1/ip_repo/VGA_BRAM_1.0</xilinx:tag>
        <xilinx:tag xilinx:name="ui.data.coregen.dd@752ea510_ARCHIVE_LOCATION">/home/weaves/Music/TestVGA.2-1/ip_repo/VGA_BRAM_1.0</xilinx:tag>
        <xilinx:tag xilinx:name="ui.data.coregen.dd@1c2c474f_ARCHIVE_LOCATION">/home/weaves/Music/TestVGA.2-1/ip_repo/VGA_BRAM_1.0</xilinx:tag>
      </xilinx:tags>
    </xilinx:coreExtensions>
    <xilinx:packagingInfo>
      <xilinx:xilinxVersion>2019.1</xilinx:xilinxVersion>
      <xilinx:checksum xilinx:scope="busInterfaces" xilinx:value="7a63f3fc"/>
      <xilinx:checksum xilinx:scope="memoryMaps" xilinx:value="ed1368d5"/>
      <xilinx:checksum xilinx:scope="fileGroups" xilinx:value="4e7ae84a"/>
      <xilinx:checksum xilinx:scope="ports" xilinx:value="227bdcf9"/>
      <xilinx:checksum xilinx:scope="hdlParameters" xilinx:value="45bb3a9b"/>
      <xilinx:checksum xilinx:scope="parameters" xilinx:value="788fa25a"/>
    </xilinx:packagingInfo>
  </spirit:vendorExtensions>
</spirit:component>
